Workbook
Name a: [1]销售明细!$P$7:$P$5003

Sheet 主页 
O2: 今天是： | R2: =TODAY() -> 46151 | T2: =TEXT(WEEKDAY(R2,1),"aaaa") -> 星期六
P19: 当月采购数量： | S19: =SUMIFS('采购录入（明细）'!I:I,'采购录入（明细）'!L:L,YEAR(TODAY()),'采购录入（明细）'!M:M,MONTH(TODAY())) -> 0
P20: 当月领取数量： | S20: =SUMIFS('领用录入（明细）'!I:I,'领用录入（明细）'!M:M,YEAR(TODAY()),'领用录入（明细）'!N:N,MONTH(TODAY())) -> 0

Sheet 基础-办公用品信息
B2: ="办公用品信息-设定（"&COUNTA(C4:C34)&"类用品）" -> 办公用品信息-设定（31类用品）
B3: NO: | C3: 办公用品名称 | D3: 单位 | E3: 型号 | F3: 单价 | G3: 备注
B4: 1 | C4: A3打印纸 | D4: 包 | F4: 175
B5: 2 | C5: A4打印纸 | D5: 包 | F5: 175
B6: 3 | C6: A4装订封面纸 | D6: 包 | F6: 18
B7: 4 | C7: A4复印纸蓝色 | D7: 包
B8: 5 | C8: A4复印纸红色 | D8: 包
B9: 6 | C9: A4白卡纸180克荷兰白卡 | D9: 包
B10: 7 | C10: 定制会议本牛皮A4 | D10: 本
B11: 8 | C11: 定制会议本活页B5 | D11: 本
B12: 9 | C12: 定制会议便签本牛皮书写夹板A4 | D12: 本
B13: 10 | C13: 会议记录本皮面黑色 | D13: 本 | F13: 7.5
B14: 11 | C14: office本32k | D14: 本
B15: 12 | C15: 软面抄100 | D15: 本 | F15: 1.5
B16: 13 | C16: 透明暗扣袋 | D16: 个
B17: 14 | C17: 挂快牢得力A4 | D17: 张
B18: 15 | C18: 资料册40页 | D18: 本 | F18: 6.5
B19: 16 | C19: 档案袋牛皮纸（小） | D19: 只
B20: 17 | C20: 档案盒牛皮纸 | D20: 只
B21: 18 | C21: 档案盒大塑料 | D21: 只
B22: 19 | C22: 档案盒小塑料 | D22: 只
B23: 20 | C23: 三角抽杆文件夹 | D23: 本 | F23: 0.55
B24: 21 | C24: 塑料文件架 | D24: 只 | F24: 18
B25: 22 | C25: 文件夹，纸板夹 | D25: 本 | F25: 5
B26: 23 | C26: 文件夹，塑料皮 | D26: 本 | F26: 6.5
B27: 24 | C27: 网格拉链袋 | D27: 只
B28: 25 | C28: 书写夹板A5 | D28: 只
B29: 26 | C29: 铁书挡（小） | D29: 只
B30: 27 | C30: 铁书挡（大） | D30: 只
B31: 28 | C31: 水笔黑色 | D31: 支 | F31: 1.3
B32: 29 | C32: 水笔红色 | D32: 支 | F32: 1.3
B33: 30 | C33: 按压水笔黑色 | D33: 支 | F33: 2
B34: 31 | C34: 笔芯 | D34: 支
B35: 32 | C35: 台笔 | D35: 支
B36: 33 | C36: 记号笔黑色 | D36: 支 | F36: 0.5
B37: 34 | C37: 记号笔红色 | D37: 支 | F37: 0.5
B38: 35 | C38: 扑克 | D38: 盒 | F38: 1.4
B39: 36 | C39: 圆珠笔蓝色 | D39: 支
B40: 37 | C40: 铅笔 | D40: 支 | F40: 7元/盒
B41: 38 | C41: 卷笔机 | D41: 个 | F41: 16
B42: 39 | C42: 卷笔刀 | D42: 个 | F42: 0.8
B43: 40 | C43: 橡皮 | D43: 个
B44: 41 | C44: 美工刀 | D44: 把
B45: 42 | C45: 剪刀 | D45: 把 | F45: 3.5
B46: 43 | C46: 起钉器 | D46: 个 | F46: 2
B47: 44 | C47: 订书机 | D47: 个 | F47: 7
B48: 45 | C48: 订书钉 | D48: 盒 | F48: 0.7
B49: 46 | C49: 回形针 | D49: 盒 | F49: 0.7
B50: 47 | C50: 计算器 | D50: 个 | F50: 13
B51: 48 | C51: 笔筒圆形 | D51: 个 | F51: 4
B52: 49 | C52: 笔筒方形 | D52: 个 | F52: 4
B53: 50 | C53: 液体胶水 | D53: 支 | F53: 1
B54: 51 | C54: 固体胶水 | D54: 支 | F54: 1
B55: 52 | C55: 三棱尺 | D55: 把
B56: 53 | C56: 透明直尺40cm | D56: 把
B57: 54 | C57: 卷尺10m | D57: 个
B58: 55 | C58: 卷尺5m | D58: 个 | F58: 9
B59: 56 | C59: 卷尺2m | D59: 个
B60: 57 | C60: 电池南孚5号 | D60: 节 | F60: 2.1
B61: 58 | C61: 电池双鹿7号 | D61: 节
B62: 59 | C62: 电池南孚23A | D62: 节
B63: 60 | C63: 电池南孚27A | D63: 节
B64: 61 | C64: 彩色长尾票夹5851 | D64: 盒 | F64: 11
B65: 62 | C65: 彩色长尾票5852 | D65: 盒 | F65: 15
B66: 63 | C66: 彩色长尾票夹5854 | D66: 盒 | F66: 13
B67: 64 | C67: 彩色长尾票夹5855 | D67: 盒 | F67: 7
B68: 65 | C68: 彩色长尾票夹5856 | D68: 盒 | F68: 8
B69: 66 | C69: 插座1.8m | D69: 个 | F69: 26
B70: 67 | C70: 插座3m | D70: 个 | F70: 59
B71: 68 | C71: 无线插头 | D71: 个
B72: 69 | C72: 印台红色 | D72: 只
B73: 70 | C73: 印台蓝色 | D73: 只
B74: 71 | C74: 透明胶带小卷 | D74: 卷 | F74: 5
B75: 72 | C75: 封箱胶带 | D75: 筒 | F75: 7
B76: 73 | C76: 双面胶带宽 | D76: 卷 | F76: 20 | G76: 11卷/筒
B77: 74 | C77: 泡沫胶带 | D77: 卷
B78: 75 | C78: 便利贴76*76mm | D78: 包 | F78: 2
B79: 76 | C79: 自粘性标签（大） | D79: 本
B80: 77 | C80: 便利贴四色76*19mm | D80: 包
B81: 78 | C81: 便利贴76*51mm | D81: 包
B82: 79 | C82: 自粘性标签（小） | D82: 包
B83: 80 | C83: 用款申请单 | D83: 本
B84: 81 | C84: 收据三联 | D84: 本 | F84: 1.5
B85: 82 | C85: 入库单两联 | D85: 本
B86: 83 | C86: 出库单三联 | D86: 本
B87: 84 | C87: 单据凭证 | D87: 本
B88: 85 | C88: 罚款单 | D88: 本
B89: 86 | C89: 定制信笺本A5 | D89: 本
B90: 87 | C90: 定制信笺本A4 | D90: 本
B91: 88 | C91: 工作牌 | D91: 个
B92: 89 | C92: 透明口罩 | D92: 个
B93: 90 | C93: 蓝色口罩 | D93: 包 | F93: 0.3
B94: 91 | C94: 一次性纸杯50个/筒 | D94: 筒 | F94: 0.2
B95: 92 | C95: 黑色口罩 | D95: 盒
B96: 93 | C96: 有线鼠标 | D96: 个 | F96: 30
B97: 94 | C97: 键盘 | D97: 个
B98: 95 | C98: 无线接收器水星 | D98: 个
B99: 96 | C99: 无线接收器TP-Link | D99: 个
B100: 97 | C100: 红外体温计倍尔康 | D100: 个
B101: 98 | C101: 硬盘绿联2.5英寸 | D101: 个
...

Sheet 基础-领用人及部门
B2: 领用人信息-设置
B3: NO: | C3: 姓名 | D3: 所属部门 | E3: 备注
B4: 1 | C4: 杨红艳 | D4: 综合办
B5: 2 | C5: 余慧娟 | D5: 综合办 | G5: 部门信息-设置
B6: 3 | C6: 蔡迎亚 | D6: 综合办 | G6: NO: | H6: 部门 | I6: 备注
B7: 4 | C7: 文丽梅 | D7: 综合办 | G7: 1 | H7: 综合办
B8: 5 | C8: 杨 迁 | D8: 综合办 | G8: 2 | H8: 财务部
B9: 6 | C9: 杨 雪 | D9: 综合办 | G9: 3 | H9: 开发部
B10: 7 | C10: 刘海山 | D10: 综合办 | G10: 4 | H10: 招采部
B11: 8 | C11: 蔡宏斌 | D11: 综合办 | G11: 5 | H11: 技术部
B12: 9 | C12: 吴小转 | D12: 综合办 | G12: 6 | H12: 成本部
B13: 10 | C13: 范小红 | D13: 综合办 | G13: 7 | H13: 销售部
B14: 11 | C14: 郦 静 | D14: 综合办 | G14: 8 | H14: 工程部
B15: 12 | C15: 陈 奔 | D15: 综合办 | G15: 9 | H15: 中盛广场物业
B16: 13 | C16: 许轩铭 | D16: 综合办 | G16: 10 | H16: boss
B17: 14 | C17: 陶怡然 | D17: 综合办 | G17: 11 | H17: 四楼会议室
B18: 15 | C18: 陈圣明 | D18: 综合办 | G18: 12 | H18: 看门
B19: 16 | C19: 马丽萍 | D19: 综合办 | G19: 13
B20: 17 | C20: 王 瑾 | D20: 财务部 | G20: 14
B21: 18 | C21: 蒋 黎 | D21: 财务部 | G21: 15
B22: 19 | C22: 毛秀玲 | D22: 财务部 | G22: 16
B23: 20 | C23: 王志明 | D23: 财务部 | G23: 17
B24: 21 | C24: 王 彪 | D24: 财务部 | G24: 18
B25: 22 | C25: 王晓奇 | D25: 财务部 | G25: 19
B26: 23 | C26: 於文琪 | D26: 财务部 | G26: 20
B27: 24 | C27: 卢 萍 | D27: 财务部 | G27: 21
B28: 25 | C28: 陈楚楚 | D28: 财务部 | G28: 22
B29: 26 | C29: 陈灵星 | D29: 财务部 | G29: 23
B30: 27 | C30: 沈金辉 | D30: 开发部 | G30: 24
... B36: 33 | C36: 周芝鹏 | D36: 技术部 | G36: 30
B37: 34 | C37: 谢哲金 | D37: 技术部
B38: 35 | C38: 刘 强 | D38: 技术部
B39: 36 | C39: 陈 军 | D39: 技术部
B40: 37 | C40: 潘迦轩 | D40: 技术部
B41: 38 | C41: 何小敏 | D41: 技术部
B42: 39 | C42: 何如宋 | D42: 成本部
B43: 40 | C43: 郑 辉 | D43: 成本部
B44: 41 | C44: 金 锋 | D44: 成本部
B45: 42 | C45: 王美萍 | D45: 成本部
B46: 43 | C46: 金也莉 | D46: 成本部
B47: 44 | C47: 陈丹丹 | D47: 成本部
B48: 45 | C48: 余光耀 | D48: 成本部
... B71: 68 | C71: 梁金兵 | D71: 工程部
B72: 69 | C72: 阮哲慧 | D72: 销售部 | E72: 悦江府
B73: 70 | C73: 周昌盈 | D73: 看门
B74: 71 | C74: 徐玲 | D74: 销售部
B75: 72 | C75: 程梦亚 | D75: 综合办
B76: 73 | C76: 蒋云飞 | D76: 中盛广场物业
B77: 74
B78: 75
B79: 76
B80: 77
B81: 78
B82: 79
B83: 80
B84: 81
B85: 82
B86: 83
B87: 84
B88: 85
... B303: 300

Sheet 采购录入（明细）
B2: 采购录入（明细） | O2: 采购数量 | P2: 采购金额
B3: NO: | C3: 日期 | D3: 采购人 | E3: 办公用品名称 | F3: 单位 | G3: 型号 | H3: 单价 | I3: 数量 | J3: 金额 | K3: 备注 | L3: 辅助年 | M3: 辅助月 | O3: =SUM(I:I) -> 3307.3 | P3: =SUM(J:J) -> 31752.9
B4: 1 | C4: 44862 | D4: 陈圣明 | E4: 卷纸 | F4: =IFERROR(VLOOKUP($E4,'基础-办公用品信息'!$C:$E,2,FALSE),"-") -> 提 | G4: =IFERROR(VLOOKUP($E4,'基础-办公用品信息'!$C:$E,3,FALSE),"-") -> 0 | H4: =IFERROR(VLOOKUP($E4,'基础-办公用品信息'!$C:$F,4,FALSE),"-") -> 11.5 | I4: 12 | J4: =IF(AND(H4<>"",I4<>""),H4*I4,"-") -> 138 | L4: =YEAR(C4) -> 2022 | M4: =MONTH(C4) -> 10
B5: 2 | C5: 44862 | D5: 陈圣明 | E5: 抽纸盒 | F5: =IFERROR(VLOOKUP($E5,'基础-办公用品信息'!$C:$E,2,FALSE),"-") -> 盒 | G5: =IFERROR(VLOOKUP($E5,'基础-办公用品信息'!$C:$E,3,FALSE),"-") -> 0 | H5: =IFERROR(VLOOKUP($E5,'基础-办公用品信息'!$C:$F,4,FALSE),"-") -> 5.3 | I5: 72 | J5: =IF(AND(H5<>"",I5<>""),H5*I5,"-") -> 381.6 | L5: =YEAR(C5) -> 2022 | M5: =MONTH(C5) -> 10
B6: 3 | C6: 44866 | D6: 杨 雪 | E6: 洗洁精 | F6: 瓶 | H6: 22 | I6: 5 | J6: =IF(AND(H6<>"",I6<>""),H6*I6,"-") -> 110 | L6: =YEAR(C6) -> 2022 | M6: =MONTH(C6) -> 11
B7: 4 | C7: 44866 | D7: 杨 雪 | E7: 垃圾袋 | F7: 卷 | H7: 1.9 | I7: 10 | J7: =IF(AND(H7<>"",I7<>""),H7*I7,"-") -> 19 | L7: =YEAR(C7) -> 2022 | M7: =MONTH(C7) -> 11
B8: 5 | C8: 44866 | D8: 杨 雪 | E8: 消毒液L3 | F8: 箱 | H8: 15 | I8: 15 | J8: =IF(AND(H8<>"",I8<>""),H8*I8,"-") -> 225 | L8: =YEAR(C8) -> 2022 | M8: =MONTH(C8) -> 11
B9: 6 | C9: 44866 | D9: 杨 雪 | E9: 喷洒消毒液 | F9: 瓶 | H9: 9 | I9: 9 | J9: =IF(AND(H9<>"",I9<>""),H9*I9,"-") -> 81 | L9: =YEAR(C9) -> 2022 | M9: =MONTH(C9) -> 11
B10: 7 | C10: 44866 | D10: 杨 雪 | E10: 白手套 | F10: 打 | H10: 9 | I10: 9 | J10: =IF(AND(H10<>"",I10<>""),H10*I10,"-") -> 81 | L10: =YEAR(C10) -> 2022 | M10: =MONTH(C10) -> 11
B11: 8 | C11: 44866 | D11: 杨 雪 | E11: 马桶刷 | F11: 个 | H11: 8 | I11: 2 | J11: =IF(AND(H11<>"",I11<>""),H11*I11,"-") -> 16 | L11: =YEAR(C11) -> 2022 | M11: =MONTH(C11) -> 11
B12: 9 | C12: 44866 | D12: 杨 雪 | E12: 500消毒液 | F12: 瓶 | H12: 2.5 | I12: 2 | J12: =IF(AND(H12<>"",I12<>""),H12*I12,"-") -> 5 | L12: =YEAR(C12) -> 2022 | M12: =MONTH(C12) -> 11
B13: 10 | C13: 44881 | D13: 陶怡然 | E13: 入库单两联 | F13: 本 | H13: 0.6 | I13: 100 | J13: =IF(AND(H13<>"",I13<>""),H13*I13,"-") -> 60 | L13: =YEAR(C13) -> 2022 | M13: =MONTH(C13) -> 11
B14: 11 | C14: 44881 | D14: 陶怡然 | E14: 卷笔机 | F14: 个 | H14: 20 | I14: 5 | J14: =IF(AND(H14<>"",I14<>""),H14*I14,"-") -> 100 | L14: =YEAR(C14) -> 2022 | M14: =MONTH(C14) -> 11
B15: 12 | C15: 44881 | D15: 陶怡然 | E15: 透明直尺40cm | F15: 把 | H15: 2 | I15: 10 | J15: =IF(AND(H15<>"",I15<>""),H15*I15,"-") -> 20 | L15: =YEAR(C15) -> 2022 | M15: =MONTH(C15) -> 11
B16: 13 | C16: 44881 | D16: 陶怡然 | E16: 电池南孚27A | F16: 粒 | H16: 2.6 | I16: 50 | J16: =IF(AND(H16<>"",I16<>""),H16*I16,"-") -> 130 | L16: =YEAR(C16) -> 2022 | M16: =MONTH(C16) -> 11
B17: 14 | C17: 44881 | D17: 陶怡然 | E17: 电池南孚5号 | F17: 粒 | H17: 2.2 | I17: 60 | J17: =IF(AND(H17<>"",I17<>""),H17*I17,"-") -> 132 | L17: =YEAR(C17) -> 2022 | M17: =MONTH(C17) -> 11
... B37: 34 | C37: 44881 | D37: 陶怡然 | E37: 蓝色口罩 | F37: 包 | H37: 1.999 | I37: 100 | J37: =IF(AND(H37<>"",I37<>""),H37*I37,"-") -> 199.9 | L37: =YEAR(C37) -> 2022 | M37: =MONTH(C37) -> 11
B38: 35 | C38: 44886 | D38: 杨 雪 | E38: 安全帽 | F38: 顶 | I38: 50 | J38: =IF(AND(H38<>"",I38<>""),H38*I38,"-") -> - | L38: =YEAR(C38) -> 2022 | M38: =MONTH(C38) -> 11
B39: 36 | C39: 44889 | D39: 陶怡然 | E39: 卷纸 | F39: 提 | H39: 37.5 | I39: 40 | J39: =IF(AND(H39<>"",I39<>""),H39*I39,"-") -> 1500 | L39: =YEAR(C39) -> 2022 | M39: =MONTH(C39) -> 11
B40: 37 | C40: 44893 | D40: 余慧娟 | E40: 交换机 | F40: =IFERROR(VLOOKUP($E40,'基础-办公用品信息'!$C:$E,2,FALSE),"-") -> 个 | H40: 65 | I40: 1 | J40: =IF(AND(H40<>"",I40<>""),H40*I40,"-") -> 65 | L40: =YEAR(C40) -> 2022 | M40: =MONTH(C40) -> 11
B41: 38 | C41: 44893 | D41: 杨 迁 | E41: 尘推杆 | F41: =IFERROR(VLOOKUP($E41,'基础-办公用品信息'!$C:$E,2,FALSE),"-") -> 根 | H41: 8 | I41: 10 | J41: =IF(AND(H41<>"",I41<>""),H41*I41,"-") -> 80 | L41: =YEAR(C41) -> 2022 | M41: =MONTH(C41) -> 11
B42: 39 | C42: 44894 | D42: 杨 迁 | E42: 狗粮 | F42: =IFERROR(VLOOKUP($E42,'基础-办公用品信息'!$C:$E,2,FALSE),"-") -> 包 | H42: 170 | I42: 1 | J42: =IF(AND(H42<>"",I42<>""),H42*I42,"-") -> 170 | L42: =YEAR(C42) -> 2022 | M42: =MONTH(C42) -> 11
B43: 40 | C43: 44902 | D43: 杨 迁 | E43: 垃圾袋大 | F43: =IFERROR(VLOOKUP($E43,'基础-办公用品信息'!$C:$E,2,FALSE),"-") -> 卷 | I43: 100 | J43: =IF(AND(H43<>"",I43<>""),H43*I43,"-") -> - | L43: =YEAR(C43) -> 2022 | M43: =MONTH(C43) -> 12
B44: 41 | C44: 44902 | D44: 杨 迁 | E44: 垃圾袋小 | F44: =IFERROR(VLOOKUP($E44,'基础-办公用品信息'!$C:$E,2,FALSE),"-") -> 卷 | I44: 100 | J44: =IF(AND(H44<>"",I44<>""),H44*I44,"-") -> - | L44: =YEAR(C44) -> 2022 | M44: =MONTH(C44) -> 12
B45: 42 | C45: 44902 | D45: 杨 迁 | E45: 橡胶手套 | F45: =IFERROR(VLOOKUP($E45,'基础-办公用品信息'!$C:$E,2,FALSE),"-") -> 双 | G45: =IFERROR(VLOOKUP($E45,'基础-办公用品信息'!$C:$E,3,FALSE),"-") -> 0 | H45: 14 | I45: 3 | J45: =IF(AND(H45<>"",I45<>""),H45*I45,"-") -> 42 | L45: =YEAR(C45) -> 2022 | M45: =MONTH(C45) -> 12
B46: 43 | C46: 44909 | D46: 余慧娟 | E46: 地毯胶 | F46: =IFERROR(VLOOKUP($E46,'基础-办公用品信息'!$C:$E,2,FALSE),"-") -> 个 | G46: =IFERROR(VLOOKUP($E46,'基础-办公用品信息'!$C:$E,3,FALSE),"-") -> 0 | H46: 5 | I46: 3 | J46: =IF(AND(H46<>"",I46<>""),H46*I46,"-") -> 15 | L46: =YEAR(C46) -> 2022 | M46: =MONTH(C46) -> 12
B47: 44 | C47: 44910 | D47: 陶怡然 | E47: 插座3m | F47: =IFERROR(VLOOKUP($E47,'基础-办公用品信息'!$C:$E,2,FALSE),"-") -> 个 | G47: =IFERROR(VLOOKUP($E47,'基础-办公用品信息'!$C:$E,3,FALSE),"-") -> 0 | H47: =IFERROR(VLOOKUP($E47,'基础-办公用品信息'!$C:$F,4,FALSE),"-") -> 59 | I47: 2 | J47: =IF(AND(H47<>"",I47<>""),H47*I47,"-") -> 118 | L47: =YEAR(C47) -> 2022 | M47: =MONTH(C47) -> 12
B48: 45 | C48: 44911 | D48: 陶怡然 | E48: 电池双鹿7号 | F48: =IFERROR(VLOOKUP($E48,'基础-办公用品信息'!$C:$E,2,FALSE),"-") -> 节 | G48: =IFERROR(VLOOKUP($E48,'基础-办公用品信息'!$C:$E,3,FALSE),"-") -> 0 | H48: =IFERROR(VLOOKUP($E48,'基础-办公用品信息'!$C:$F,4,FALSE),"-") -> 0 | I48: 120 | J48: =IF(AND(H48<>"",I48<>""),H48*I48,"-") -> 0 | L48: =YEAR(C48) -> 2022 | M48: =MONTH(C48) -> 12
B49: 46 | C49: 44924 | D49: 杨 迁 | E49: 酒精消毒水 | F49: =IFERROR(VLOOKUP($E49,'基础-办公用品信息'!$C:$E,2,FALSE),"-") -> 瓶 | G49: =IFERROR(VLOOKUP($E49,'基础-办公用品信息'!$C:$E,3,FALSE),"-") -> 0 | H49: =IFERROR(VLOOKUP($E49,'基础-办公用品信息'!$C:$F,4,FALSE),"-") -> 0 | I49: 10 | J49: =IF(AND(H49<>"",I49<>""),H49*I49,"-") -> 0 | L49: =YEAR(C49) -> 2022 | M49: =MONTH(C49) -> 12
B50: 47 | C50: 44924 | D50: 杨 迁 | E50: 次氯酸消毒液 | F50: =IFERROR(VLOOKUP($E50,'基础-办公用品信息'!$C:$E,2,FALSE),"-") -> 瓶 | G50: =IFERROR(VLOOKUP($E50,'基础-办公用品信息'!$C:$E,3,FALSE),"-") -> 0 | H50: =IFERROR(VLOOKUP($E50,'基础-办公用品信息'!$C:$F,4,FALSE),"-") -> 0 | I50: 12 | J50: =IF(AND(H50<>"",I50<>""),H50*I50,"-") -> 0 | L50: =YEAR(C50) -> 2022 | M50: =MONTH(C50) -> 12
B51: 48 | C51: 44928 | D51: 杨 迁 | E51: 喷壶 | F51: =IFERROR(VLOOKUP($E51,'基础-办公用品信息'!$C:$E,2,FALSE),"-") -> 个 | G51: =IFERROR(VLOOKUP($E51,'基础-办公用品信息'!$C:$E,3,FALSE),"-") -> 0 | H51: =IFERROR(VLOOKUP($E51,'基础-办公用品信息'!$C:$F,4,FALSE),"-") -> 0 | I51: 3 | J51: =IF(AND(H51<>"",I51<>""),H51*I51,"-") -> 0 | L51: =YEAR(C51) -> 2023 | M51: =MONTH(C51) -> 1
B52: 49 | C52: 44928 | E52: A3打印纸 | F52: =IFERROR(VLOOKUP($E52,'基础-办公用品信息'!$C:$E,2,FALSE),"-") -> 包 | G52: =IFERROR(VLOOKUP($E52,'基础-办公用品信息'!$C:$E,3,FALSE),"-") -> 0 | H52: =IFERROR(VLOOKUP($E52,'基础-办公用品信息'!$C:$F,4,FALSE),"-") -> 175 | I52: 1 | J52: =IF(AND(H52<>"",I52<>""),H52*I52,"-") -> 175 | L52: =YEAR(C52) -> 2023 | M52: =MONTH(C52) -> 1
B53: 50 | C53: 44932 | D53: 余慧娟 | E53: 马桶刷 | F53: =IFERROR(VLOOKUP($E53,'基础-办公用品信息'!$C:$E,2,FALSE),"-") -> 个 | G53: =IFERROR(VLOOKUP($E53,'基础-办公用品信息'!$C:$E,3,FALSE),"-") -> 0 | H53: =IFERROR(VLOOKUP($E53,'基础-办公用品信息'!$C:$F,4,FALSE),"-") -> 0 | I53: 5 | J53: =IF(AND(H53<>"",I53<>""),H53*I53,"-") -> 0 | L53: =YEAR(C53) -> 2023 | M53: =MONTH(C53) -> 1
B54: 51 | C54: 44935 | D54: 陶怡然 | E54: 有线鼠标 | F54: =IFERROR(VLOOKUP($E54,'基础-办公用品信息'!$C:$E,2,FALSE),"-") -> 个 | G54: =IFERROR(VLOOKUP($E54,'基础-办公用品信息'!$C:$E,3,FALSE),"-") -> 0 | H54: =IFERROR(VLOOKUP($E54,'基础-办公用品信息'!$C:$F,4,FALSE),"-") -> 30 | I54: 5 | J54: =IF(AND(H54<>"",I54<>""),H54*I54,"-") -> 150 | L54: =YEAR(C54) -> 2023 | M54: =MONTH(C54) -> 1
B55: 52 | C55: 44935 | D55: 陶怡然 | E55: 无线鼠标 | F55: =IFERROR(VLOOKUP($E55,'基础-办公用品信息'!$C:$E,2,FALSE),"-") -> 个 | G55: =IFERROR(VLOOKUP($E55,'基础-办公用品信息'!$C:$E,3,FALSE),"-") -> 0 | H55: =IFERROR(VLOOKUP($E55,'基础-办公用品信息'!$C:$F,4,FALSE),"-") -> 75 | I55: 5 | J55: =IF(AND(H55<>"",I55<>""),H55*I55,"-") -> 375 | L55: =YEAR(C55) -> 2023 | M55: =MONTH(C55) -> 1
B56: 53 | C56: 44935 | D56: 陶怡然 | E56: 键盘 | F56: =IFERROR(VLOOKUP($E56,'基础-办公用品信息'!$C:$E,2,FALSE),"-") -> 个 | G56: =IFERROR(VLOOKUP($E56,'基础-办公用品信息'!$C:$E,3,FALSE),"-") -> 0 | H56: =IFERROR(VLOOKUP($E56,'基础-办公用品信息'!$C:$F,4,FALSE),"-") -> 0 | I56: 3 | J56: =IF(AND(H56<>"",I56<>""),H56*I56,"-") -> 0 | L56: =YEAR(C56) -> 2023 | M56: =MONTH(C56) -> 1
B57: 54 | C57: 44935 | D57: 陶怡然 | E57: 无线网卡 | F57: =IFERROR(VLOOKUP($E57,'基础-办公用品信息'!$C:$E,2,FALSE),"-") -> 个 | G57: =IFERROR(VLOOKUP($E57,'基础-办公用品信息'!$C:$E,3,FALSE),"-") -> 0 | H57: =IFERROR(VLOOKUP($E57,'基础-办公用品信息'!$C:$F,4,FALSE),"-") -> 0 | I57: 3 | J57: =IF(AND(H57<>"",I57<>""),H57*I57,"-") -> 0 | L57: =YEAR(C57) -> 2023 | M57: =MONTH(C57) -> 1
B58: 55 | C58: 44942 | D58: 杨 迁 | E58: 橡胶手套 | F58: =IFERROR(VLOOKUP($E58,'基础-办公用品信息'!$C:$E,2,FALSE),"-") -> 双 | G58: =IFERROR(VLOOKUP($E58,'基础-办公用品信息'!$C:$E,3,FALSE),"-") -> 0 | H58: =IFERROR(VLOOKUP($E58,'基础-办公用品信息'!$C:$F,4,FALSE),"-") -> 0 | I58: 3 | J58: =IF(AND(H58<>"",I58<>""),H58*I58,"-") -> 0 | L58: =YEAR(C58) -> 2023 | M58: =MONTH(C58) -> 1
B59: 56 | C59: 44942 | D59: 杨 迁 | E59: 院子灯泡 | F59: =IFERROR(VLOOKUP($E59,'基础-办公用品信息'!$C:$E,2,FALSE),"-") -> 个 | G59: =IFERROR(VLOOKUP($E59,'基础-办公用品信息'!$C:$E,3,FALSE),"-") -> 0 | H59: =IFERROR(VLOOKUP($E59,'基础-办公用品信息'!$C:$F,4,FALSE),"-") -> 15 | I59: 2 | J59: =IF(AND(H59<>"",I59<>""),H59*I59,"-") -> 30 | L59: =YEAR(C59) -> 2023 | M59: =MONTH(C59) -> 1
B60: 57 | C60: 44943 | D60: 余慧娟 | E60: 橡胶手套 | F60: =IFERROR(VLOOKUP($E60,'基础-办公用品信息'!$C:$E,2,FALSE),"-") -> 双 | G60: =IFERROR(VLOOKUP($E60,'基础-办公用品信息'!$C:$E,3,FALSE),"-") -> 0 | H60: =IFERROR(VLOOKUP($E60,'基础-办公用品信息'!$C:$F,4,FALSE),"-") -> 0 | I60: 5 | J60: =IF(AND(H60<>"",I60<>""),H60*I60,"-") -> 0 | L60: =YEAR(C60) -> 2023 | M60: =MONTH(C60) -> 1
B61: 58 | C61: 44959 | D61: 陶怡然 | E61: 蓝色口罩 | F61: =IFERROR(VLOOKUP($E61,'基础-办公用品信息'!$C:$E,2,FALSE),"-") -> 包 | G61: =IFERROR(VLOOKUP($E61,'基础-办公用品信息'!$C:$E,3,FALSE),"-") -> 0 | H61: =IFERROR(VLOOKUP($E61,'基础-办公用品信息'!$C:$F,4,FALSE),"-") -> 0.3 | I61: 200 | J61: =IF(AND(H61<>"",I61<>""),H61*I61,"-") -> 60 | L61: =YEAR(C61) -> 2023 | M61: =MONTH(C61) -> 2
B62: 59 | C62: 44963 | D62: 余慧娟 | E62: 毛巾 | F62: =IFERROR(VLOOKUP($E62,'基础-办公用品信息'!$C:$E,2,FALSE),"-") -> 条 | G62: =IFERROR(VLOOKUP($E62,'基础-办公用品信息'!$C:$E,3,FALSE),"-") -> 0 | H62: =IFERROR(VLOOKUP($E62,'基础-办公用品信息'!$C:$F,4,FALSE),"-") -> 0 | I62: 22 | J62: =IF(AND(H62<>"",I62<>""),H62*I62,"-") -> 0 | L62: =YEAR(C62) -> 2023 | M62: =MONTH(C62) -> 2
B63: 60 | C63: 44963 | D63: 陈圣明 | E63: 84消毒液 | F63: =IFERROR(VLOOKUP($E63,'基础-办公用品信息'!$C:$E,2,FALSE),"-") -> 桶 | G63: =IFERROR(VLOOKUP($E63,'基础-办公用品信息'!$C:$E,3,FALSE),"-") -> 0 | H63: =IFERROR(VLOOKUP($E63,'基础-办公用品信息'!$C:$F,4,FALSE),"-") -> 0 | I63: 4 | J63: =IF(AND(H63<>"",I63<>""),H63*I63,"-") -> 0 | L63: =YEAR(C63) -> 2023 | M63: =MONTH(C63) -> 2
B64: 61 | C64: 44963 | D64: 陈圣明 | E64: 洗衣粉 | F64: =IFERROR(VLOOKUP($E64,'基础-办公用品信息'!$C:$E,2,FALSE),"-") -> 包 | G64: =IFERROR(VLOOKUP($E64,'基础-办公用品信息'!$C:$E,3,FALSE),"-") -> 0 | H64: =IFERROR(VLOOKUP($E64,'基础-办公用品信息'!$C:$F,4,FALSE),"-") -> 0 | I64: 12 | J64: =IF(AND(H64<>"",I64<>""),H64*I64,"-") -> 0 | L64: =YEAR(C64) -> 2023 | M64: =MONTH(C64) -> 2
... B76: 73 | C76: 44967 | D76: 余慧娟 | E76: 海绵 | F76: =IFERROR(VLOOKUP($E76,'基础-办公用品信息'!$C:$E,2,FALSE),"-") -> 个 | G76: =IFERROR(VLOOKUP($E76,'基础-办公用品信息'!$C:$E,3,FALSE),"-") -> 0 | H76: =IFERROR(VLOOKUP($E76,'基础-办公用品信息'!$C:$F,4,FALSE),"-") -> 0 | I76: 80 | J76: =IF(AND(H76<>"",I76<>""),H76*I76,"-") -> 0 | L76: =YEAR(C76) -> 2023 | M76: =MONTH(C76) -> 2
B77: 74 | C77: 44968 | D77: 余慧娟 | E77: 白色圆桶 | F77: =IFERROR(VLOOKUP($E77,'基础-办公用品信息'!$C:$E,2,FALSE),"-") -> 个 | G77: =IFERROR(VLOOKUP($E77,'基础-办公用品信息'!$C:$E,3,FALSE),"-") -> 0 | H77: 45 | I77: 1 | J77: =IF(AND(H77<>"",I77<>""),H77*I77,"-") -> 45 | L77: =YEAR(C77) -> 2023 | M77: =MONTH(C77) -> 2
B78: 75 | C78: 44968 | D78: 余慧娟 | E78: 垃圾袋 | F78: =IFERROR(VLOOKUP($E78,'基础-办公用品信息'!$C:$E,2,FALSE),"-") -> 卷 | G78: =IFERROR(VLOOKUP($E78,'基础-办公用品信息'!$C:$E,3,FALSE),"-") -> 0 | H78: 2.5 | I78: 10 | J78: =IF(AND(H78<>"",I78<>""),H78*I78,"-") -> 25 | L78: =YEAR(C78) -> 2023 | M78: =MONTH(C78) -> 2
B79: 76 | C79: 44968 | D79: 余慧娟 | E79: 厨房不锈钢架、铁板烧铁板 | F79: =IFERROR(VLOOKUP($E79,'基础-办公用品信息'!$C:$E,2,FALSE),"-") -> 个 | G79: =IFERROR(VLOOKUP($E79,'基础-办公用品信息'!$C:$E,3,FALSE),"-") -> 0 | H79: 250 | I79: 2 | J79: =IF(AND(H79<>"",I79<>""),H79*I79,"-") -> 500 | L79: =YEAR(C79) -> 2023 | M79: =MONTH(C79) -> 2
B80: 77 | C80: 44968 | D80: 余慧娟 | E80: 高压水枪 | F80: =IFERROR(VLOOKUP($E80,'基础-办公用品信息'!$C:$E,2,FALSE),"-") -> 个 | G80: =IFERROR(VLOOKUP($E80,'基础-办公用品信息'!$C:$E,3,FALSE),"-") -> 0 | H80: 25 | I80: 1 | J80: =IF(AND(H80<>"",I80<>""),H80*I80,"-") -> 25 | L80: =YEAR(C80) -> 2023 | M80: =MONTH(C80) -> 2
B81: 78 | C81: 44968 | D81: 余慧娟 | E81: 塑料水管 | F81: =IFERROR(VLOOKUP($E81,'基础-办公用品信息'!$C:$E,2,FALSE),"-") -> 个 | G81: =IFERROR(VLOOKUP($E81,'基础-办公用品信息'!$C:$E,3,FALSE),"-") -> 0 | H81: 2.5 | I81: 10 | J81: =IF(AND(H81<>"",I81<>""),H81*I81,"-") -> 25 | L81: =YEAR(C81) -> 2023 | M81: =MONTH(C81) -> 2
B82: 79 | C82: 44968 | D82: 余慧娟 | E82: 地面刮水器 | F82: =IFERROR(VLOOKUP($E82,'基础-办公用品信息'!$C:$E,2,FALSE),"-") -> 个 | G82: =IFERROR(VLOOKUP($E82,'基础-办公用品信息'!$C:$E,3,FALSE),"-") -> 0 | H82: 28 | I82: 2 | J82: =IF(AND(H82<>"",I82<>""),H82*I82,"-") -> 56 | L82: =YEAR(C82) -> 2023 | M82: =MONTH(C82) -> 2
B83: 80 | C83: 44968 | D83: 余慧娟 | E83: 5公斤塑料带盖桶 | F83: =IFERROR(VLOOKUP($E83,'基础-办公用品信息'!$C:$E,2,FALSE),"-") -> 个 | G83: =IFERROR(VLOOKUP($E83,'基础-办公用品信息'!$C:$E,3,FALSE),"-") -> 0 | H83: 20 | I83: 3 | J83: =IF(AND(H83<>"",I83<>""),H83*I83,"-") -> 60 | L83: =YEAR(C83) -> 2023 | M83: =MONTH(C83) -> 2
B84: 81 | C84: 44968 | D84: 余慧娟 | E84: 洗衣刷 | F84: =IFERROR(VLOOKUP($E84,'基础-办公用品信息'!$C:$E,2,FALSE),"-") -> 个 | G84: =IFERROR(VLOOKUP($E84,'基础-办公用品信息'!$C:$E,3,FALSE),"-") -> 0 | H84: 3 | I84: 5 | J84: =IF(AND(H84<>"",I84<>""),H84*I84,"-") -> 15 | L84: =YEAR(C84) -> 2023 | M84: =MONTH(C84) -> 2
B85: 82 | C85: 44968 | D85: 余慧娟 | E85: 四层不锈钢梯 | F85: =IFERROR(VLOOKUP($E85,'基础-办公用品信息'!$C:$E,2,FALSE),"-") -> 个 | G85: =IFERROR(VLOOKUP($E85,'基础-办公用品信息'!$C:$E,3,FALSE),"-") -> 0 | H85: 120 | I85: 1 | J85: =IF(AND(H85<>"",I85<>""),H85*I85,"-") -> 120 | L85: =YEAR(C85) -> 2023 | M85: =MONTH(C85) -> 2
B86: 83 | C86: 44968 | D86: 余慧娟 | E86: 好吸水拖把 | F86: =IFERROR(VLOOKUP($E86,'基础-办公用品信息'!$C:$E,2,FALSE),"-") -> 个 | G86: =IFERROR(VLOOKUP($E86,'基础-办公用品信息'!$C:$E,3,FALSE),"-") -> 0 | H86: 30 | I86: 1 | J86: =IF(AND(H86<>"",I86<>""),H86*I86,"-") -> 30 | L86: =YEAR(C86) -> 2023 | M86: =MONTH(C86) -> 2
B87: 84 | C87: 44968 | D87: 余慧娟 | E87: 多功能拖把桶 | F87: =IFERROR(VLOOKUP($E87,'基础-办公用品信息'!$C:$E,2,FALSE),"-") -> 个 | G87: =IFERROR(VLOOKUP($E87,'基础-办公用品信息'!$C:$E,3,FALSE),"-") -> 0 | H87: 65 | I87: 1 | J87: =IF(AND(H87<>"",I87<>""),H87*I87,"-") -> 65 | L87: =YEAR(C87) -> 2023 | M87: =MONTH(C87) -> 2
B88: 85 | C88: 44968 | D88: 余慧娟 | E88: 塑料凳 | F88: =IFERROR(VLOOKUP($E88,'基础-办公用品信息'!$C:$E,2,FALSE),"-") -> 个 | G88: =IFERROR(VLOOKUP($E88,'基础-办公用品信息'!$C:$E,3,FALSE),"-") -> 0 | H88: 20 | I88: 6 | J88: =IF(AND(H88<>"",I88<>""),H88*I88,"-") -> 120 | L88: =YEAR(C88) -> 2023 | M88: =MONTH(C88) -> 2
... B133: 130 | C133: 44968 | D133: 余慧娟 | E133: 长手套 | F133: =IFERROR(VLOOKUP($E133,'基础-办公用品信息'!$C:$E,2,FALSE),"-") -> 个 | G133: =IFERROR(VLOOKUP($E133,'基础-办公用品信息'!$C:$E,3,FALSE),"-") -> 0 | H133: 16 | I133: 10 | J133: =IF(AND(H133<>"",I133<>""),H133*I133,"-") -> 160 | L133: =YEAR(C133) -> 2023 | M133: =MONTH(C133) -> 2
B134: 131 | C134: 44977 | D134: 余慧娟 | E134: 挂式纸盒 | F134: =IFERROR(VLOOKUP($E134,'基础-办公用品信息'!$C:$E,2,FALSE),"-") -> 台 | G134: =IFERROR(VLOOKUP($E134,'基础-办公用品信息'!$C:$E,3,FALSE),"-") -> 0 | H134: =IFERROR(VLOOKUP($E134,'基础-办公用品信息'!$C:$F,4,FALSE),"-") -> 0 | I134: 1 | J134: =IF(AND(H134<>"",I134<>""),H134*I134,"-") -> 0 | L134: =YEAR(C134) -> 2023 | M134: =MONTH(C134) -> 2
B135: 132 | C135: 44977 | D135: 余慧娟 | E135: 挂式纸盒挂钩 | F135: =IFERROR(VLOOKUP($E135,'基础-办公用品信息'!$C:$E,2,FALSE),"-") -> 根 | G135: =IFERROR(VLOOKUP($E135,'基础-办公用品信息'!$C:$E,3,FALSE),"-") -> 0 | H135: =IFERROR(VLOOKUP($E135,'基础-办公用品信息'!$C:$F,4,FALSE),"-") -> 0 | I135: 1 | J135: =IF(AND(H135<>"",I135<>""),H135*I135,"-") -> 0 | L135: =YEAR(C135) -> 2023 | M135: =MONTH(C135) -> 2
B136: 133 | C136: 44977 | D136: 余慧娟 | E136: 纳米海绵 | F136: =IFERROR(VLOOKUP($E136,'基础-办公用品信息'!$C:$E,2,FALSE),"-") -> 个 | G136: =IFERROR(VLOOKUP($E136,'基础-办公用品信息'!$C:$E,3,FALSE),"-") -> 0 | H136: =IFERROR(VLOOKUP($E136,'基础-办公用品信息'!$C:$F,4,FALSE),"-") -> 0 | I136: 1 | J136: =IF(AND(H136<>"",I136<>""),H136*I136,"-") -> 0 | L136: =YEAR(C136) -> 2023 | M136: =MONTH(C136) -> 2
B137: 134 | C137: 44977 | D137: 余慧娟 | E137: 304不锈钢饭勺 | F137: =IFERROR(VLOOKUP($E137,'基础-办公用品信息'!$C:$E,2,FALSE),"-") -> 个 | G137: =IFERROR(VLOOKUP($E137,'基础-办公用品信息'!$C:$E,3,FALSE),"-") -> 0 | H137: =IFERROR(VLOOKUP($E137,'基础-办公用品信息'!$C:$F,4,FALSE),"-") -> 0 | I137: 1 | J137: =IF(AND(H137<>"",I137<>""),H137*I137,"-") -> 0 | L137: =YEAR(C137) -> 2023 | M137: =MONTH(C137) -> 2
B138: 135 | C138: 44977 | D138: 余慧娟 | E138: 抹布 | F138: =IFERROR(VLOOKUP($E138,'基础-办公用品信息'!$C:$E,2,FALSE),"-") -> 瓶 | G138: =IFERROR(VLOOKUP($E138,'基础-办公用品信息'!$C:$E,3,FALSE),"-") -> 0 | H138: =IFERROR(VLOOKUP($E138,'基础-办公用品信息'!$C:$F,4,FALSE),"-") -> 0 | I138: 1 | J138: =IF(AND(H138<>"",I138<>""),H138*I138,"-") -> 0 | L138: =YEAR(C138) -> 2023 | M138: =MONTH(C138) -> 2
B139: 136 | C139: 44977 | D139: 余慧娟 | E139: 久丽洗碗布 | F139: =IFERROR(VLOOKUP($E139,'基础-办公用品信息'!$C:$E,2,FALSE),"-") -> 把 | G139: =IFERROR(VLOOKUP($E139,'基础-办公用品信息'!$C:$E,3,FALSE),"-") -> 0 | H139: =IFERROR(VLOOKUP($E139,'基础-办公用品信息'!$C:$F,4,FALSE),"-") -> 0 | I139: 1 | J139: =IF(AND(H139<>"",I139<>""),H139*I139,"-") -> 0 | L139: =YEAR(C139) -> 2023 | M139: =MONTH(C139) -> 2
B140: 137 | C140: 44977 | D140: 余慧娟 | E140: 三角拖把 | F140: =IFERROR(VLOOKUP($E140,'基础-办公用品信息'!$C:$E,2,FALSE),"-") -> 把 | G140: =IFERROR(VLOOKUP($E140,'基础-办公用品信息'!$C:$E,3,FALSE),"-") -> 0 | H140: =IFERROR(VLOOKUP($E140,'基础-办公用品信息'!$C:$F,4,FALSE),"-") -> 0 | I140: 1 | J140: =IF(AND(H140<>"",I140<>""),H140*I140,"-") -> 0 | L140: =YEAR(C140) -> 2023 | M140: =MONTH(C140) -> 2
B141: 138 | C141: 44978 | D141: 余慧娟 | E141: 垃圾袋小 | F141: =IFERROR(VLOOKUP($E141,'基础-办公用品信息'!$C:$E,2,FALSE),"-") -> 卷 | G141: =IFERROR(VLOOKUP($E141,'基础-办公用品信息'!$C:$E,3,FALSE),"-") -> 0 | H141: =IFERROR(VLOOKUP($E141,'基础-办公用品信息'!$C:$F,4,FALSE),"-") -> 0 | I141: 200 | J141: =IF(AND(H141<>"",I141<>""),H141*I141,"-") -> 0 | L141: =YEAR(C141) -> 2023 | M141: =MONTH(C141) -> 2
B142: 139 | C142: 44978 | D142: 余慧娟 | E142: 线手套 | F142: =IFERROR(VLOOKUP($E142,'基础-办公用品信息'!$C:$E,2,FALSE),"-") -> 双 | G142: =IFERROR(VLOOKUP($E142,'基础-办公用品信息'!$C:$E,3,FALSE),"-") -> 0 | H142: =IFERROR(VLOOKUP($E142,'基础-办公用品信息'!$C:$F,4,FALSE),"-") -> 0 | I142: 36 | J142: =IF(AND(H142<>"",I142<>""),H142*I142,"-") -> 0 | L142: =YEAR(C142) -> 2023 | M142: =MONTH(C142) -> 2
B143: 140 | C143: 44978 | D143: 余慧娟 | E143: 扫把套装 | F143: =IFERROR(VLOOKUP($E143,'基础-办公用品信息'!$C:$E,2,FALSE),"-") -> 个 | G143: =IFERROR(VLOOKUP($E143,'基础-办公用品信息'!$C:$E,3,FALSE),"-") -> 0 | H143: =IFERROR(VLOOKUP($E143,'基础-办公用品信息'!$C:$F,4,FALSE),"-") -> 0 | I143: 2 | J143: =IF(AND(H143<>"",I143<>""),H143*I143,"-") -> 0 | L143: =YEAR(C143) -> 2023 | M143: =MONTH(C143) -> 2
B144: 141 | C144: 44978 | D144: 余慧娟 | E144: 线拖把 | F144: =IFERROR(VLOOKUP($E144,'基础-办公用品信息'!$C:$E,2,FALSE),"-") -> 个 | G144: =IFERROR(VLOOKUP($E144,'基础-办公用品信息'!$C:$E,3,FALSE),"-") -> 0 | H144: =IFERROR(VLOOKUP($E144,'基础-办公用品信息'!$C:$F,4,FALSE),"-") -> 0 | I144: 2 | J144: =IF(AND(H144<>"",I144<>""),H144*I144,"-") -> 0 | L144: =YEAR(C144) -> 2023 | M144: =MONTH(C144) -> 2
B145: 142 | C145: 44978 | D145: 余慧娟 | E145: 钢丝棉 | F145: =IFERROR(VLOOKUP($E145,'基础-办公用品信息'!$C:$E,2,FALSE),"-") -> 个 | G145: =IFERROR(VLOOKUP($E145,'基础-办公用品信息'!$C:$E,3,FALSE),"-") -> 0 | H145: =IFERROR(VLOOKUP($E145,'基础-办公用品信息'!$C:$F,4,FALSE),"-") -> 0 | I145: 100 | J145: =IF(AND(H145<>"",I145<>""),H145*I145,"-") -> 0 | L145: =YEAR(C145) -> 2023 | M145: =MONTH(C145) -> 2
... B156: 153 | C156: 44979 | D156: 陶怡然 | E156: 海绵胶 | F156: =IFERROR(VLOOKUP($E156,'基础-办公用品信息'!$C:$E,2,FALSE),"-") -> 卷 | G156: =IFERROR(VLOOKUP($E156,'基础-办公用品信息'!$C:$E,3,FALSE),"-") -> 0 | H156: =IFERROR(VLOOKUP($E156,'基础-办公用品信息'!$C:$F,4,FALSE),"-") -> 0 | I156: 1 | J156: =IF(AND(H156<>"",I156<>""),H156*I156,"-") -> 0 | L156: =YEAR(C156) -> 2023 | M156: =MONTH(C156) -> 2
B157: 154 | C157: 44979 | D157: 陶怡然 | F157: =IFERROR(VLOOKUP($E157,'基础-办公用品信息'!$C:$E,2,FALSE),"-") -> - | G157: =IFERROR(VLOOKUP($E157,'基础-办公用品信息'!$C:$E,3,FALSE),"-") -> - | H157: =IFERROR(VLOOKUP($E157,'基础-办公用品信息'!$C:$F,4,FALSE),"-") -> - | J157: =IF(AND(H157<>"",I157<>""),H157*I157,"-") -> - | L157: =YEAR(C157) -> 2023 | M157: =MONTH(C157) -> 2
B158: 155 | C158: 44979 | D158: 陶怡然 | F158: =IFERROR(VLOOKUP($E158,'基础-办公用品信息'!$C:$E,2,FALSE),"-") -> - | G158: =IFERROR(VLOOKUP($E158,'基础-办公用品信息'!$C:$E,3,FALSE),"-") -> - | H158: =IFERROR(VLOOKUP($E158,'基础-办公用品信息'!$C:$F,4,FALSE),"-") -> - | J158: =IF(AND(H158<>"",I158<>""),H158*I158,"-") -> - | L158: =YEAR(C158) -> 2023 | M158: =MONTH(C158) -> 2
B159: 156 | F159: =IFERROR(VLOOKUP($E159,'基础-办公用品信息'!$C:$E,2,FALSE),"-") -> - | G159: =IFERROR(VLOOKUP($E159,'基础-办公用品信息'!$C:$E,3,FALSE),"-") -> - | H159: =IFERROR(VLOOKUP($E159,'基础-办公用品信息'!$C:$F,4,FALSE),"-") -> - | J159: =IF(AND(H159<>"",I159<>""),H159*I159,"-") -> - | L159: =YEAR(C159) -> 1900 | M159: =MONTH(C159) -> 1
B160: 157 | F160: =IFERROR(VLOOKUP($E160,'基础-办公用品信息'!$C:$E,2,FALSE),"-") -> - | G160: =IFERROR(VLOOKUP($E160,'基础-办公用品信息'!$C:$E,3,FALSE),"-") -> - | H160: =IFERROR(VLOOKUP($E160,'基础-办公用品信息'!$C:$F,4,FALSE),"-") -> - | J160: =IF(AND(H160<>"",I160<>""),H160*I160,"-") -> - | L160: =YEAR(C160) -> 1900 | M160: =MONTH(C160) -> 1
B161: 158 | F161: =IFERROR(VLOOKUP($E161,'基础-办公用品信息'!$C:$E,2,FALSE),"-") -> - | G161: =IFERROR(VLOOKUP($E161,'基础-办公用品信息'!$C:$E,3,FALSE),"-") -> - | H161: =IFERROR(VLOOKUP($E161,'基础-办公用品信息'!$C:$F,4,FALSE),"-") -> - | J161: =IF(AND(H161<>"",I161<>""),H161*I161,"-") -> - | L161: =YEAR(C161) -> 1900 | M161: =MONTH(C161) -> 1
B162: 159 | F162: =IFERROR(VLOOKUP($E162,'基础-办公用品信息'!$C:$E,2,FALSE),"-") -> - | G162: =IFERROR(VLOOKUP($E162,'基础-办公用品信息'!$C:$E,3,FALSE),"-") -> - | H162: =IFERROR(VLOOKUP($E162,'基础-办公用品信息'!$C:$F,4,FALSE),"-") -> - | J162: =IF(AND(H162<>"",I162<>""),H162*I162,"-") -> - | L162: =YEAR(C162) -> 1900 | M162: =MONTH(C162) -> 1
B163: 160 | F163: =IFERROR(VLOOKUP($E163,'基础-办公用品信息'!$C:$E,2,FALSE),"-") -> - | G163: =IFERROR(VLOOKUP($E163,'基础-办公用品信息'!$C:$E,3,FALSE),"-") -> - | H163: =IFERROR(VLOOKUP($E163,'基础-办公用品信息'!$C:$F,4,FALSE),"-") -> - | J163: =IF(AND(H163<>"",I163<>""),H163*I163,"-") -> - | L163: =YEAR(C163) -> 1900 | M163: =MONTH(C163) -> 1
B164: 161 | F164: =IFERROR(VLOOKUP($E164,'基础-办公用品信息'!$C:$E,2,FALSE),"-") -> - | G164: =IFERROR(VLOOKUP($E164,'基础-办公用品信息'!$C:$E,3,FALSE),"-") -> - | H164: =IFERROR(VLOOKUP($E164,'基础-办公用品信息'!$C:$F,4,FALSE),"-") -> - | J164: =IF(AND(H164<>"",I164<>""),H164*I164,"-") -> - | L164: =YEAR(C164) -> 1900 | M164: =MONTH(C164) -> 1
B165: 162 | F165: =IFERROR(VLOOKUP($E165,'基础-办公用品信息'!$C:$E,2,FALSE),"-") -> - | G165: =IFERROR(VLOOKUP($E165,'基础-办公用品信息'!$C:$E,3,FALSE),"-") -> - | H165: =IFERROR(VLOOKUP($E165,'基础-办公用品信息'!$C:$F,4,FALSE),"-") -> - | J165: =IF(AND(H165<>"",I165<>""),H165*I165,"-") -> - | L165: =YEAR(C165) -> 1900 | M165: =MONTH(C165) -> 1
B166: 163 | F166: =IFERROR(VLOOKUP($E166,'基础-办公用品信息'!$C:$E,2,FALSE),"-") -> - | G166: =IFERROR(VLOOKUP($E166,'基础-办公用品信息'!$C:$E,3,FALSE),"-") -> - | H166: =IFERROR(VLOOKUP($E166,'基础-办公用品信息'!$C:$F,4,FALSE),"-") -> - | J166: =IF(AND(H166<>"",I166<>""),H166*I166,"-") -> - | L166: =YEAR(C166) -> 1900 | M166: =MONTH(C166) -> 1
B167: 164 | F167: =IFERROR(VLOOKUP($E167,'基础-办公用品信息'!$C:$E,2,FALSE),"-") -> - | G167: =IFERROR(VLOOKUP($E167,'基础-办公用品信息'!$C:$E,3,FALSE),"-") -> - | H167: =IFERROR(VLOOKUP($E167,'基础-办公用品信息'!$C:$F,4,FALSE),"-") -> - | J167: =IF(AND(H167<>"",I167<>""),H167*I167,"-") -> - | L167: =YEAR(C167) -> 1900 | M167: =MONTH(C167) -> 1
B168: 165 | F168: =IFERROR(VLOOKUP($E168,'基础-办公用品信息'!$C:$E,2,FALSE),"-") -> - | G168: =IFERROR(VLOOKUP($E168,'基础-办公用品信息'!$C:$E,3,FALSE),"-") -> - | H168: =IFERROR(VLOOKUP($E168,'基础-办公用品信息'!$C:$F,4,FALSE),"-") -> - | J168: =IF(AND(H168<>"",I168<>""),H168*I168,"-") -> - | L168: =YEAR(C168) -> 1900 | M168: =MONTH(C168) -> 1
B169: 166 | F169: =IFERROR(VLOOKUP($E169,'基础-办公用品信息'!$C:$E,2,FALSE),"-") -> - | G169: =IFERROR(VLOOKUP($E169,'基础-办公用品信息'!$C:$E,3,FALSE),"-") -> - | H169: =IFERROR(VLOOKUP($E169,'基础-办公用品信息'!$C:$F,4,FALSE),"-") -> - | J169: =IF(AND(H169<>"",I169<>""),H169*I169,"-") -> - | L169: =YEAR(C169) -> 1900 | M169: =MONTH(C169) -> 1
B170: 167 | F170: =IFERROR(VLOOKUP($E170,'基础-办公用品信息'!$C:$E,2,FALSE),"-") -> - | G170: =IFERROR(VLOOKUP($E170,'基础-办公用品信息'!$C:$E,3,FALSE),"-") -> - | H170: =IFERROR(VLOOKUP($E170,'基础-办公用品信息'!$C:$F,4,FALSE),"-") -> - | J170: =IF(AND(H170<>"",I170<>""),H170*I170,"-") -> - | L170: =YEAR(C170) -> 1900 | M170: =MONTH(C170) -> 1
... B989: 986 | F989: =IFERROR(VLOOKUP($E989,'基础-办公用品信息'!$C:$E,2,FALSE),"-") -> - | G989: =IFERROR(VLOOKUP($E989,'基础-办公用品信息'!$C:$E,3,FALSE),"-") -> - | H989: =IFERROR(VLOOKUP($E989,'基础-办公用品信息'!$C:$F,4,FALSE),"-") -> - | J989: =IF(AND(H989<>"",I989<>""),H989*I989,"-") -> - | L989: =YEAR(C989) -> 1900 | M989: =MONTH(C989) -> 1
B990: 987

Sheet 领用录入（明细）
B2: 领用录入（明细） | P2: 领用数量 | Q2: 领用金额
B3: NO: | C3: 日期 | D3: 领用人 | E3: 所属部门 | F3: 办公用品名称 | G3: 单位 | H3: 型号 | I3: 数量 | J3: 单价 | K3: 金额 | L3: 备注 | M3: 辅助年 | N3: 辅助月 | P3: =SUM(I4:I4998) -> 2182.3 | Q3: =SUM(K4:K4998) -> 27625.27
B4: 1 | C4: 44845 | D4: 潘迦轩 | E4: =IFERROR(VLOOKUP(D4,'基础-领用人及部门'!$C:$D,2,FALSE),"-") -> 技术部 | F4: 会议记录本皮面黑色 | G4: =IFERROR(VLOOKUP($F4,'基础-办公用品信息'!$C:$E,2,FALSE),"-") -> 本 | H4: =IFERROR(VLOOKUP($F4,'基础-办公用品信息'!$C:$E,3,FALSE),"-") -> 0 | I4: 1 | J4: =IFERROR(VLOOKUP($F4,'基础-办公用品信息'!$C:$F,4,FALSE),"-") -> 7.5 | K4: =IFERROR(I4*J4,"") -> 7.5 | M4: =YEAR(C4) -> 2022 | N4: =MONTH(C4) -> 10
B5: 2 | C5: 44845 | D5: 陈圣明 | E5: =IFERROR(VLOOKUP(D5,'基础-领用人及部门'!$C:$D,2,FALSE),"-") -> 综合办 | F5: 电池南孚27A | G5: =IFERROR(VLOOKUP($F5,'基础-办公用品信息'!$C:$E,2,FALSE),"-") -> 节 | H5: =IFERROR(VLOOKUP($F5,'基础-办公用品信息'!$C:$E,3,FALSE),"-") -> 0 | I5: 1 | J5: =IFERROR(VLOOKUP($F5,'基础-办公用品信息'!$C:$F,4,FALSE),"-") -> 0 | K5: =IFERROR(I5*J5,"") -> 0 | M5: =YEAR(C5) -> 2022 | N5: =MONTH(C5) -> 10
B6: 3 | C6: 44847 | D6: 潘迦轩 | E6: =IFERROR(VLOOKUP(D6,'基础-领用人及部门'!$C:$D,2,FALSE),"-") -> 技术部 | F6: 光盘壳 | G6: =IFERROR(VLOOKUP($F6,'基础-办公用品信息'!$C:$E,2,FALSE),"-") -> 个 | H6: =IFERROR(VLOOKUP($F6,'基础-办公用品信息'!$C:$E,3,FALSE),"-") -> 0 | I6: 12 | J6: =IFERROR(VLOOKUP($F6,'基础-办公用品信息'!$C:$F,4,FALSE),"-") -> 0 | K6: =IFERROR(I6*J6,"") -> 0 | M6: =YEAR(C6) -> 2022 | N6: =MONTH(C6) -> 10
B7: 4 | C7: 44847 | D7: 蔡宏斌 | E7: =IFERROR(VLOOKUP(D7,'基础-领用人及部门'!$C:$D,2,FALSE),"-") -> 综合办 | F7: 网格拉链袋 | G7: =IFERROR(VLOOKUP($F7,'基础-办公用品信息'!$C:$E,2,FALSE),"-") -> 只 | H7: =IFERROR(VLOOKUP($F7,'基础-办公用品信息'!$C:$E,3,FALSE),"-") -> 0 | I7: 2 | J7: =IFERROR(VLOOKUP($F7,'基础-办公用品信息'!$C:$F,4,FALSE),"-") -> 0 | K7: =IFERROR(I7*J7,"") -> 0 | M7: =YEAR(C7) -> 2022 | N7: =MONTH(C7) -> 10
B8: 5 | C8: 44847 | D8: 蔡宏斌 | E8: =IFERROR(VLOOKUP(D8,'基础-领用人及部门'!$C:$D,2,FALSE),"-") -> 综合办 | F8: 活页本芯18K | G8: =IFERROR(VLOOKUP($F8,'基础-办公用品信息'!$C:$E,2,FALSE),"-") -> - | H8: =IFERROR(VLOOKUP($F8,'基础-办公用品信息'!$C:$E,3,FALSE),"-") -> - | I8: 1 | J8: =IFERROR(VLOOKUP($F8,'基础-办公用品信息'!$C:$F,4,FALSE),"-") -> - | K8: =IFERROR(I8*J8,"") | M8: =YEAR(C8) -> 2022 | N8: =MONTH(C8) -> 10
B9: 6 | C9: 44847 | D9: 蔡宏斌 | E9: =IFERROR(VLOOKUP(D9,'基础-领用人及部门'!$C:$D,2,FALSE),"-") -> 综合办 | F9: 医用口罩 | G9: =IFERROR(VLOOKUP($F9,'基础-办公用品信息'!$C:$E,2,FALSE),"-") -> - | H9: =IFERROR(VLOOKUP($F9,'基础-办公用品信息'!$C:$E,3,FALSE),"-") -> - | I9: 1 | J9: =IFERROR(VLOOKUP($F9,'基础-办公用品信息'!$C:$F,4,FALSE),"-") -> - | K9: =IFERROR(I9*J9,"") | M9: =YEAR(C9) -> 2022 | N9: =MONTH(C9) -> 10
B10: 7 | C10: 44848 | D10: 张莉红 | E10: =IFERROR(VLOOKUP(D10,'基础-领用人及部门'!$C:$D,2,FALSE),"-") -> 中盛广场物业 | F10: 笔芯 | G10: =IFERROR(VLOOKUP($F10,'基础-办公用品信息'!$C:$E,2,FALSE),"-") -> 支 | H10: =IFERROR(VLOOKUP($F10,'基础-办公用品信息'!$C:$E,3,FALSE),"-") -> 0 | I10: 12 | J10: =IFERROR(VLOOKUP($F10,'基础-办公用品信息'!$C:$F,4,FALSE),"-") -> 0 | K10: =IFERROR(I10*J10,"") -> 0 | M10: =YEAR(C10) -> 2022 | N10: =MONTH(C10) -> 10
B11: 8 | C11: 44848 | D11: 张莉红 | E11: =IFERROR(VLOOKUP(D11,'基础-领用人及部门'!$C:$D,2,FALSE),"-") -> 中盛广场物业 | F11: 入库单两联 | G11: =IFERROR(VLOOKUP($F11,'基础-办公用品信息'!$C:$E,2,FALSE),"-") -> 本 | H11: =IFERROR(VLOOKUP($F11,'基础-办公用品信息'!$C:$E,3,FALSE),"-") -> 0 | I11: 4 | J11: =IFERROR(VLOOKUP($F11,'基础-办公用品信息'!$C:$F,4,FALSE),"-") -> 0 | K11: =IFERROR(I11*J11,"") -> 0 | M11: =YEAR(C11) -> 2022 | N11: =MONTH(C11) -> 10
B12: 9 | C12: 44848 | D12: 张莉红 | E12: =IFERROR(VLOOKUP(D12,'基础-领用人及部门'!$C:$D,2,FALSE),"-") -> 中盛广场物业 | F12: 水笔黑色 | G12: =IFERROR(VLOOKUP($F12,'基础-办公用品信息'!$C:$E,2,FALSE),"-") -> 支 | H12: =IFERROR(VLOOKUP($F12,'基础-办公用品信息'!$C:$E,3,FALSE),"-") -> 0 | I12: 24 | J12: =IFERROR(VLOOKUP($F12,'基础-办公用品信息'!$C:$F,4,FALSE),"-") -> 1.3 | K12: =IFERROR(I12*J12,"") -> 31.2 | M12: =YEAR(C12) -> 2022 | N12: =MONTH(C12) -> 10
B13: 10 | C13: 44848 | D13: 张莉红 | E13: =IFERROR(VLOOKUP(D13,'基础-领用人及部门'!$C:$D,2,FALSE),"-") -> 中盛广场物业 | F13: 剪刀 | G13: =IFERROR(VLOOKUP($F13,'基础-办公用品信息'!$C:$E,2,FALSE),"-") -> 把 | H13: =IFERROR(VLOOKUP($F13,'基础-办公用品信息'!$C:$E,3,FALSE),"-") -> 0 | I13: 1 | J13: =IFERROR(VLOOKUP($F13,'基础-办公用品信息'!$C:$F,4,FALSE),"-") -> 3.5 | K13: =IFERROR(I13*J13,"") -> 3.5 | M13: =YEAR(C13) -> 2022 | N13: =MONTH(C13) -> 10
B14: 11 | C14: 44848 | D14: 张莉红 | E14: =IFERROR(VLOOKUP(D14,'基础-领用人及部门'!$C:$D,2,FALSE),"-") -> 中盛广场物业 | F14: 报销单 | G14: =IFERROR(VLOOKUP($F14,'基础-办公用品信息'!$C:$E,2,FALSE),"-") -> 本 | H14: =IFERROR(VLOOKUP($F14,'基础-办公用品信息'!$C:$E,3,FALSE),"-") -> 0 | I14: 6 | J14: =IFERROR(VLOOKUP($F14,'基础-办公用品信息'!$C:$F,4,FALSE),"-") -> 1.2 | K14: =IFERROR(I14*J14,"") -> 7.2 | M14: =YEAR(C14) -> 2022 | N14: =MONTH(C14) -> 10
B15: 12 | C15: 44858 | D15: 余光耀 | E15: =IFERROR(VLOOKUP(D15,'基础-领用人及部门'!$C:$D,2,FALSE),"-") -> 成本部 | F15: A3打印纸 | G15: =IFERROR(VLOOKUP($F15,'基础-办公用品信息'!$C:$E,2,FALSE),"-") -> 包 | H15: =IFERROR(VLOOKUP($F15,'基础-办公用品信息'!$C:$E,3,FALSE),"-") -> 0 | I15: 4 | J15: =IFERROR(VLOOKUP($F15,'基础-办公用品信息'!$C:$F,4,FALSE),"-") -> 175 | K15: =IFERROR(I15*J15,"") -> 700 | M15: =YEAR(C15) -> 2022 | N15: =MONTH(C15) -> 10
... B32: 29 | C32: 44866 | D32: 杨 雪 | E32: =IFERROR(VLOOKUP(D32,'基础-领用人及部门'!$C:$D,2,FALSE),"-") -> 综合办 | F32: A4打印纸 | G32: =IFERROR(VLOOKUP($F32,'基础-办公用品信息'!$C:$E,2,FALSE),"-") -> 包 | H32: =IFERROR(VLOOKUP($F32,'基础-办公用品信息'!$C:$E,3,FALSE),"-") -> 0 | I32: 8 | J32: =IFERROR(VLOOKUP($F32,'基础-办公用品信息'!$C:$F,4,FALSE),"-") -> 175 | K32: =IFERROR(I32*J32,"") -> 1400 | M32: =YEAR(C32) -> 2022 | N32: =MONTH(C32) -> 11
B33: 30 | C33: 44865 | D33: 毛总 | E33: boss | F33: 插座5m | G33: =IFERROR(VLOOKUP($F33,'基础-办公用品信息'!$C:$E,2,FALSE),"-") -> 个 | H33: =IFERROR(VLOOKUP($F33,'基础-办公用品信息'!$C:$E,3,FALSE),"-") -> 0 | I33: 1 | J33: =IFERROR(VLOOKUP($F33,'基础-办公用品信息'!$C:$F,4,FALSE),"-") -> 56 | K33: =IFERROR(I33*J33,"") -> 56 | M33: =YEAR(C33) -> 2022 | N33: =MONTH(C33) -> 10
B34: 31 | C34: 44865 | D34: 毛总 | E34: boss | F34: 插座1.8m | G34: =IFERROR(VLOOKUP($F34,'基础-办公用品信息'!$C:$E,2,FALSE),"-") -> 个 | H34: =IFERROR(VLOOKUP($F34,'基础-办公用品信息'!$C:$E,3,FALSE),"-") -> 0 | I34: 1 | J34: =IFERROR(VLOOKUP($F34,'基础-办公用品信息'!$C:$F,4,FALSE),"-") -> 26 | K34: =IFERROR(I34*J34,"") -> 26 | M34: =YEAR(C34) -> 2022 | N34: =MONTH(C34) -> 10
B35: 32 | C35: 44866 | D35: 陈 奔 | E35: =IFERROR(VLOOKUP(D35,'基础-领用人及部门'!$C:$D,2,FALSE),"-") -> 综合办 | F35: office本32k | G35: =IFERROR(VLOOKUP($F35,'基础-办公用品信息'!$C:$E,2,FALSE),"-") -> 本 | H35: =IFERROR(VLOOKUP($F35,'基础-办公用品信息'!$C:$E,3,FALSE),"-") -> 0 | I35: 5 | J35: =IFERROR(VLOOKUP($F35,'基础-办公用品信息'!$C:$F,4,FALSE),"-") -> 0 | K35: =IFERROR(I35*J35,"") -> 0 | M35: =YEAR(C35) -> 2022 | N35: =MONTH(C35) -> 11
B36: 33 | C36: 44866 | D36: 陈璐 | E36: =IFERROR(VLOOKUP(D36,'基础-领用人及部门'!$C:$D,2,FALSE),"-") -> 销售部 | F36: 水笔黑色 | G36: =IFERROR(VLOOKUP($F36,'基础-办公用品信息'!$C:$E,2,FALSE),"-") -> 支 | H36: =IFERROR(VLOOKUP($F36,'基础-办公用品信息'!$C:$E,3,FALSE),"-") -> 0 | I36: 36 | J36: =IFERROR(VLOOKUP($F36,'基础-办公用品信息'!$C:$F,4,FALSE),"-") -> 1.3 | K36: =IFERROR(I36*J36,"") -> 46.8 | M36: =YEAR(C36) -> 2022 | N36: =MONTH(C36) -> 11
B37: 34 | C37: 44866 | D37: 陈璐 | E37: =IFERROR(VLOOKUP(D37,'基础-领用人及部门'!$C:$D,2,FALSE),"-") -> 销售部 | F37: 垃圾袋 | G37: =IFERROR(VLOOKUP($F37,'基础-办公用品信息'!$C:$E,2,FALSE),"-") -> 卷 | H37: =IFERROR(VLOOKUP($F37,'基础-办公用品信息'!$C:$E,3,FALSE),"-") -> 0 | I37: 12 | J37: =IFERROR(VLOOKUP($F37,'基础-办公用品信息'!$C:$F,4,FALSE),"-") -> 0 | K37: =IFERROR(I37*J37,"") -> 0 | M37: =YEAR(C37) -> 2022 | N37: =MONTH(C37) -> 11
B38: 35 | C38: 44866 | D38: 陈璐 | E38: =IFERROR(VLOOKUP(D38,'基础-领用人及部门'!$C:$D,2,FALSE),"-") -> 销售部 | F38: 玻璃刮刀 | G38: =IFERROR(VLOOKUP($F38,'基础-办公用品信息'!$C:$E,2,FALSE),"-") -> 个 | H38: =IFERROR(VLOOKUP($F38,'基础-办公用品信息'!$C:$E,3,FALSE),"-") -> 0 | I38: 1 | J38: =IFERROR(VLOOKUP($F38,'基础-办公用品信息'!$C:$F,4,FALSE),"-") -> 0 | K38: =IFERROR(I38*J38,"") -> 0 | M38: =YEAR(C38) -> 2022 | N38: =MONTH(C38) -> 11
B39: 36 | C39: 44866 | D39: 陈璐 | E39: =IFERROR(VLOOKUP(D39,'基础-领用人及部门'!$C:$D,2,FALSE),"-") -> 销售部 | F39: 拖把 | G39: =IFERROR(VLOOKUP($F39,'基础-办公用品信息'!$C:$E,2,FALSE),"-") -> 个 | H39: =IFERROR(VLOOKUP($F39,'基础-办公用品信息'!$C:$E,3,FALSE),"-") -> 0 | I39: 1 | J39: =IFERROR(VLOOKUP($F39,'基础-办公用品信息'!$C:$F,4,FALSE),"-") -> 0 | K39: =IFERROR(I39*J39,"") -> 0 | M39: =YEAR(C39) -> 2022 | N39: =MONTH(C39) -> 11
B40: 37 | C40: 44866 | D40: 陈璐 | E40: =IFERROR(VLOOKUP(D40,'基础-领用人及部门'!$C:$D,2,FALSE),"-") -> 销售部 | F40: 玻璃水 | G40: =IFERROR(VLOOKUP($F40,'基础-办公用品信息'!$C:$E,2,FALSE),"-") -> 瓶 | H40: =IFERROR(VLOOKUP($F40,'基础-办公用品信息'!$C:$E,3,FALSE),"-") -> 0 | I40: 1 | J40: =IFERROR(VLOOKUP($F40,'基础-办公用品信息'!$C:$F,4,FALSE),"-") -> 0 | K40: =IFERROR(I40*J40,"") -> 0 | M40: =YEAR(C40) -> 2022 | N40: =MONTH(C40) -> 11
B41: 38 | C41: 44866 | D41: 会议室 | E41: =IFERROR(VLOOKUP(D41,'基础-领用人及部门'!$C:$D,2,FALSE),"-") -> 四楼会议室 | F41: 抽纸盒 | G41: =IFERROR(VLOOKUP($F41,'基础-办公用品信息'!$C:$E,2,FALSE),"-") -> 盒 | H41: =IFERROR(VLOOKUP($F41,'基础-办公用品信息'!$C:$E,3,FALSE),"-") -> 0 | I41: 3 | J41: =IFERROR(VLOOKUP($F41,'基础-办公用品信息'!$C:$F,4,FALSE),"-") -> 5.3 | K41: =IFERROR(I41*J41,"") -> 15.9 | M41: =YEAR(C41) -> 2022 | N41: =MONTH(C41) -> 11
B42: 39 | C42: 44866 | D42: 陈璐 | E42: =IFERROR(VLOOKUP(D42,'基础-领用人及部门'!$C:$D,2,FALSE),"-") -> 销售部 | F42: 毛巾 | G42: =IFERROR(VLOOKUP($F42,'基础-办公用品信息'!$C:$E,2,FALSE),"-") -> 条 | H42: =IFERROR(VLOOKUP($F42,'基础-办公用品信息'!$C:$E,3,FALSE),"-") -> 0 | I42: 2 | J42: =IFERROR(VLOOKUP($F42,'基础-办公用品信息'!$C:$F,4,FALSE),"-") -> 0 | K42: =IFERROR(I42*J42,"") -> 0 | M42: =YEAR(C42) -> 2022 | N42: =MONTH(C42) -> 11
B43: 40 | C43: 44866 | D43: 陈璐 | E43: =IFERROR(VLOOKUP(D43,'基础-领用人及部门'!$C:$D,2,FALSE),"-") -> 销售部 | F43: 钉钉打卡机 | G43: =IFERROR(VLOOKUP($F43,'基础-办公用品信息'!$C:$E,2,FALSE),"-") -> 个 | H43: =IFERROR(VLOOKUP($F43,'基础-办公用品信息'!$C:$E,3,FALSE),"-") -> 0 | I43: 1 | J43: =IFERROR(VLOOKUP($F43,'基础-办公用品信息'!$C:$F,4,FALSE),"-") -> 0 | K43: =IFERROR(I43*J43,"") -> 0 | M43: =YEAR(C43) -> 2022 | N43: =MONTH(C43) -> 11
B44: 41 | C44: 44866 | D44: 陈璐 | E44: =IFERROR(VLOOKUP(D44,'基础-领用人及部门'!$C:$D,2,FALSE),"-") -> 销售部 | F44: 酒精消毒水 | G44: =IFERROR(VLOOKUP($F44,'基础-办公用品信息'!$C:$E,2,FALSE),"-") -> 瓶 | H44: =IFERROR(VLOOKUP($F44,'基础-办公用品信息'!$C:$E,3,FALSE),"-") -> 0 | I44: 2 | J44: =IFERROR(VLOOKUP($F44,'基础-办公用品信息'!$C:$F,4,FALSE),"-") -> 0 | K44: =IFERROR(I44*J44,"") -> 0 | M44: =YEAR(C44) -> 2022 | N44: =MONTH(C44) -> 11
B45: 42 | C45: 44868 | D45: 曹家平 | E45: =IFERROR(VLOOKUP(D45,'基础-领用人及部门'!$C:$D,2,FALSE),"-") -> 综合办 | F45: 马桶刷 | G45: =IFERROR(VLOOKUP($F45,'基础-办公用品信息'!$C:$E,2,FALSE),"-") -> 个 | H45: =IFERROR(VLOOKUP($F45,'基础-办公用品信息'!$C:$E,3,FALSE),"-") -> 0 | I45: 2 | J45: =IFERROR(VLOOKUP($F45,'基础-办公用品信息'!$C:$F,4,FALSE),"-") -> 0 | K45: =IFERROR(I45*J45,"") -> 0 | M45: =YEAR(C45) -> 2022 | N45: =MONTH(C45) -> 11
B46: 43 | C46: 44868 | D46: 曹家平 | E46: =IFERROR(VLOOKUP(D46,'基础-领用人及部门'!$C:$D,2,FALSE),"-") -> 综合办 | F46: 垃圾袋 | G46: =IFERROR(VLOOKUP($F46,'基础-办公用品信息'!$C:$E,2,FALSE),"-") -> 卷 | H46: =IFERROR(VLOOKUP($F46,'基础-办公用品信息'!$C:$E,3,FALSE),"-") -> 0 | I46: 15 | J46: =IFERROR(VLOOKUP($F46,'基础-办公用品信息'!$C:$F,4,FALSE),"-") -> 0 | K46: =IFERROR(I46*J46,"") -> 0 | M46: =YEAR(C46) -> 2022 | N46: =MONTH(C46) -> 11
... B94: 91 | C94: 44893 | D94: 王 彪 | E94: =IFERROR(VLOOKUP(D94,'基础-领用人及部门'!$C:$D,2,FALSE),"-") -> 财务部 | F94: 橡皮 | G94: =IFERROR(VLOOKUP($F94,'基础-办公用品信息'!$C:$E,2,FALSE),"-") -> 个 | H94: =IFERROR(VLOOKUP($F94,'基础-办公用品信息'!$C:$E,3,FALSE),"-") -> 0 | I94: 1 | J94: =IFERROR(VLOOKUP($F94,'基础-办公用品信息'!$C:$F,4,FALSE),"-") -> 0 | K94: =IFERROR(I94*J94,"") -> 0 | M94: =YEAR(C94) -> 2022 | N94: =MONTH(C94) -> 11
B95: 92 | C95: 44893 | D95: 王 彪 | E95: =IFERROR(VLOOKUP(D95,'基础-领用人及部门'!$C:$D,2,FALSE),"-") -> 财务部 | F95: 固体胶水 | G95: =IFERROR(VLOOKUP($F95,'基础-办公用品信息'!$C:$E,2,FALSE),"-") -> 支 | H95: =IFERROR(VLOOKUP($F95,'基础-办公用品信息'!$C:$E,3,FALSE),"-") -> 0 | I95: 4 | J95: 5 | K95: =IFERROR(I95*J95,"") -> 20 | M95: =YEAR(C96) -> 2022 | N95: =MONTH(C96) -> 11
B96: 93 | C96: 44893 | D96: 金华鼎 | E96: =IFERROR(VLOOKUP(D96,'基础-领用人及部门'!$C:$D,2,FALSE),"-") -> 技术部 | F96: 交换机 | G96: =IFERROR(VLOOKUP($F96,'基础-办公用品信息'!$C:$E,2,FALSE),"-") -> 个 | H96: =IFERROR(VLOOKUP($F96,'基础-办公用品信息'!$C:$E,3,FALSE),"-") -> 0 | I96: 1 | J96: =IFERROR(VLOOKUP($F96,'[2]基础-G98办公用品信息'!$C:$F,4,FALSE),"-") -> - | K96: =IFERROR(I96*J96,"") | M96: =YEAR(C97) -> 2022 | N96: =MONTH(C97) -> 11
B97: 94 | C97: 44893 | D97: 陶怡然 | E97: =IFERROR(VLOOKUP(D97,'基础-领用人及部门'!$C:$D,2,FALSE),"-") -> 综合办 | F97: 入库单两联 | G97: =IFERROR(VLOOKUP($F97,'基础-办公用品信息'!$C:$E,2,FALSE),"-") -> 本 | H97: =IFERROR(VLOOKUP($F97,'基础-办公用品信息'!$C:$E,3,FALSE),"-") -> 0 | I97: 1 | J97: =IFERROR(VLOOKUP($F97,'基础-办公用品信息'!$C:$F,4,FALSE),"-") -> 0 | K97: =IFERROR(I97*J97,"") -> 0 | M97: =YEAR(#REF!) -> #REF! | N97: =MONTH(#REF!) -> #REF!
B98: 95 | C98: 44893 | D98: 曹家平 | E98: =IFERROR(VLOOKUP(D98,'基础-领用人及部门'!$C:$D,2,FALSE),"-") -> 综合办 | F98: 尘推杆 | G98: =IFERROR(VLOOKUP($F98,'基础-办公用品信息'!$C:$E,2,FALSE),"-") -> 根 | H98: =IFERROR(VLOOKUP($F98,'基础-办公用品信息'!$C:$E,3,FALSE),"-") -> 0 | I98: 1 | J98: =IFERROR(VLOOKUP($F98,'基础-办公用品信息'!$C:$F,4,FALSE),"-") -> 0 | K98: =IFERROR(I98*J98,"") -> 0 | M98: =YEAR(C98) -> 2022 | N98: =MONTH(C98) -> 11
B99: 96 | C99: 44894 | D99: 文丽梅 | E99: =IFERROR(VLOOKUP(D99,'基础-领用人及部门'!$C:$D,2,FALSE),"-") -> 综合办 | F99: 固体胶水 | G99: =IFERROR(VLOOKUP($F99,'基础-办公用品信息'!$C:$E,2,FALSE),"-") -> 支 | H99: =IFERROR(VLOOKUP($F99,'基础-办公用品信息'!$C:$E,3,FALSE),"-") -> 0 | I99: 2 | J99: =IFERROR(VLOOKUP($F99,'基础-办公用品信息'!$C:$F,4,FALSE),"-") -> 1 | K99: =IFERROR(I99*J99,"") -> 2 | M99: =YEAR(C99) -> 2022 | N99: =MONTH(C99) -> 11
B100: 97 | C100: 44894 | D100: 陶怡然 | E100: =IFERROR(VLOOKUP(D100,'基础-领用人及部门'!$C:$D,2,FALSE),"-") -> 综合办 | F100: 固体胶水 | G100: =IFERROR(VLOOKUP($F100,'基础-办公用品信息'!$C:$E,2,FALSE),"-") -> 支 | H100: =IFERROR(VLOOKUP($F100,'基础-办公用品信息'!$C:$E,3,FALSE),"-") -> 0 | I100: 1 | J100: =IFERROR(VLOOKUP($F100,'基础-办公用品信息'!$C:$F,4,FALSE),"-") -> 1 | K100: =IFERROR(I100*J100,"") -> 1 | M100: =YEAR(C100) -> 2022 | N100: =MONTH(C100) -> 11
B101: 98 | C101: 44894 | D101: 陶怡然 | E101: =IFERROR(VLOOKUP(D101,'基础-领用人及部门'!$C:$D,2,FALSE),"-") -> 综合办 | F101: 剪刀 | G101: =IFERROR(VLOOKUP($F101,'基础-办公用品信息'!$C:$E,2,FALSE),"-") -> 把 | H101: =IFERROR(VLOOKUP($F101,'基础-办公用品信息'!$C:$E,3,FALSE),"-") -> 0 | I101: 1 | J101: =IFERROR(VLOOKUP($F101,'基础-办公用品信息'!$C:$F,4,FALSE),"-") -> 3.5 | K101: =IFERROR(I101*J101,"") -> 3.5 | M101: =YEAR(C101) -> 2022 | N101: =MONTH(C101) -> 11
B102: 99 | C102: 44894 | D102: 陶怡然 | E102: =IFERROR(VLOOKUP(D102,'基础-领用人及部门'!$C:$D,2,FALSE),"-") -> 综合办 | F102: A4打印纸 | G102: =IFERROR(VLOOKUP($F102,'基础-办公用品信息'!$C:$E,2,FALSE),"-") -> 包 | H102: =IFERROR(VLOOKUP($F102,'基础-办公用品信息'!$C:$E,3,FALSE),"-") -> 0 | I102: 4 | J102: =IFERROR(VLOOKUP($F102,'基础-办公用品信息'!$C:$F,4,FALSE),"-") -> 175 | K102: =IFERROR(I102*J102,"") -> 700 | M102: =YEAR(C102) -> 2022 | N102: =MONTH(C102) -> 11
B103: 100 | C103: 44895 | D103: 余慧娟 | E103: =IFERROR(VLOOKUP(D103,'基础-领用人及部门'!$C:$D,2,FALSE),"-") -> 综合办 | F103: 电池双鹿7号 | G103: =IFERROR(VLOOKUP($F103,'基础-办公用品信息'!$C:$E,2,FALSE),"-") -> 节 | H103: =IFERROR(VLOOKUP($F103,'基础-办公用品信息'!$C:$E,3,FALSE),"-") -> 0 | I103: 3 | J103: =IFERROR(VLOOKUP($F103,'基础-办公用品信息'!$C:$F,4,FALSE),"-") -> 0 | K103: =IFERROR(I103*J103,"") -> 0 | M103: =YEAR(C103) -> 2022 | N103: =MONTH(C103) -> 11
B104: 101 | C104: 44896 | D104: 陶怡然 | E104: =IFERROR(VLOOKUP(D104,'基础-领用人及部门'!$C:$D,2,FALSE),"-") -> 综合办 | F104: 毛巾 | G104: =IFERROR(VLOOKUP($F104,'基础-办公用品信息'!$C:$E,2,FALSE),"-") -> 条 | H104: =IFERROR(VLOOKUP($F104,'基础-办公用品信息'!$C:$E,3,FALSE),"-") -> 0 | I104: 2 | J104: =IFERROR(VLOOKUP($F104,'基础-办公用品信息'!$C:$F,4,FALSE),"-") -> 0 | K104: =IFERROR(I104*J104,"") -> 0 | M104: =YEAR(C104) -> 2022 | N104: =MONTH(C104) -> 12
B105: 102 | C105: 44896 | D105: 陶怡然 | E105: =IFERROR(VLOOKUP(D105,'基础-领用人及部门'!$C:$D,2,FALSE),"-") -> 综合办 | F105: 抽纸巾 | G105: =IFERROR(VLOOKUP($F105,'基础-办公用品信息'!$C:$E,2,FALSE),"-") -> 包 | H105: =IFERROR(VLOOKUP($F105,'基础-办公用品信息'!$C:$E,3,FALSE),"-") -> 0 | I105: 10 | J105: =IFERROR(VLOOKUP($F105,'基础-办公用品信息'!$C:$F,4,FALSE),"-") -> 2.5 | K105: =IFERROR(I105*J105,"") -> 25 | M105: =YEAR(C105) -> 2022 | N105: =MONTH(C105) -> 12
B106: 103 | C106: 44896 | D106: 曹家平 | E106: =IFERROR(VLOOKUP(D106,'基础-领用人及部门'!$C:$D,2,FALSE),"-") -> 综合办 | F106: 橡胶手套 | G106: =IFERROR(VLOOKUP($F106,'基础-办公用品信息'!$C:$E,2,FALSE),"-") -> 双 | H106: =IFERROR(VLOOKUP($F106,'基础-办公用品信息'!$C:$E,3,FALSE),"-") -> 0 | I106: 1 | J106: =IFERROR(VLOOKUP($F106,'基础-办公用品信息'!$C:$F,4,FALSE),"-") -> 0 | K106: =IFERROR(I106*J106,"") -> 0 | M106: =YEAR(C106) -> 2022 | N106: =MONTH(C106) -> 12
B107: 104 | C107: 44897 | D107: 陈 军 | E107: =IFERROR(VLOOKUP(D107,'基础-领用人及部门'!$C:$D,2,FALSE),"-") -> 技术部 | F107: 电池南孚5号 | G107: =IFERROR(VLOOKUP($F107,'基础-办公用品信息'!$C:$E,2,FALSE),"-") -> 节 | H107: =IFERROR(VLOOKUP($F107,'基础-办公用品信息'!$C:$E,3,FALSE),"-") -> 0 | I107: 2 | J107: =IFERROR(VLOOKUP($F107,'基础-办公用品信息'!$C:$F,4,FALSE),"-") -> 2.1 | K107: =IFERROR(I107*J107,"") -> 4.2 | M107: =YEAR(C107) -> 2022 | N107: =MONTH(C107) -> 12
B108: 105 | C108: 44897 | D108: 余光耀 | E108: =IFERROR(VLOOKUP(D108,'基础-领用人及部门'!$C:$D,2,FALSE),"-") -> 成本部 | F108: 蓝色口罩 | G108: =IFERROR(VLOOKUP($F108,'基础-办公用品信息'!$C:$E,2,FALSE),"-") -> 包 | H108: =IFERROR(VLOOKUP($F108,'基础-办公用品信息'!$C:$E,3,FALSE),"-") -> 0 | I108: 10 | J108: =IFERROR(VLOOKUP($F108,'基础-办公用品信息'!$C:$F,4,FALSE),"-") -> 0.3 | K108: =IFERROR(I108*J108,"") -> 3 | M108: =YEAR(C108) -> 2022 | N108: =MONTH(C108) -> 12
B109: 106 | C109: 44897 | D109: 杨 雪 | E109: =IFERROR(VLOOKUP(D109,'基础-领用人及部门'!$C:$D,2,FALSE),"-") -> 综合办 | F109: A4打印纸 | G109: =IFERROR(VLOOKUP($F109,'基础-办公用品信息'!$C:$E,2,FALSE),"-") -> 包 | H109: =IFERROR(VLOOKUP($F109,'基础-办公用品信息'!$C:$E,3,FALSE),"-") -> 0 | I109: 8 | J109: =IFERROR(VLOOKUP($F109,'基础-办公用品信息'!$C:$F,4,FALSE),"-") -> 175 | K109: =IFERROR(I109*J109,"") -> 1400 | M109: =YEAR(C109) -> 2022 | N109: =MONTH(C109) -> 12
... B128: 125 | C128: 44907 | D128: 丁小青 | E128: =IFERROR(VLOOKUP(D128,'基础-领用人及部门'!$C:$D,2,FALSE),"-") -> 技术部 | F128: 抽纸巾 | G128: =IFERROR(VLOOKUP($F128,'基础-办公用品信息'!$C:$E,2,FALSE),"-") -> 包 | H128: =IFERROR(VLOOKUP($F128,'基础-办公用品信息'!$C:$E,3,FALSE),"-") -> 0 | I128: 1 | J128: =IFERROR(VLOOKUP($F128,'基础-办公用品信息'!$C:$F,4,FALSE),"-") -> 2.5 | K128: =IFERROR(I128*J128,"") -> 2.5 | M128: =YEAR(C128) -> 2022 | N128: =MONTH(C128) -> 12
B129: 126 | C129: 44907 | D129: 蒋 黎 | E129: =IFERROR(VLOOKUP(D129,'基础-领用人及部门'!$C:$D,2,FALSE),"-") -> 财务部 | F129: 插座1.8m | G129: =IFERROR(VLOOKUP($F129,'基础-办公用品信息'!$C:$E,2,FALSE),"-") -> 个 | H129: =IFERROR(VLOOKUP($F129,'基础-办公用品信息'!$C:$E,3,FALSE),"-") -> 0 | I129: 1 | K129: =IFERROR(I129*J129,"") -> 0 | M129: =YEAR(C129) -> 2022 | N129: =MONTH(C129) -> 12
B130: 127 | C130: 44907 | D130: 金 锋 | E130: =IFERROR(VLOOKUP(D130,'基础-领用人及部门'!$C:$D,2,FALSE),"-") -> 成本部 | F130: 会议记录本皮面黑色 | G130: =IFERROR(VLOOKUP($F130,'基础-办公用品信息'!$C:$E,2,FALSE),"-") -> 本 | H130: =IFERROR(VLOOKUP($F130,'基础-办公用品信息'!$C:$E,3,FALSE),"-") -> 0 | I130: 1 | J130: =IFERROR(VLOOKUP($F130,'基础-办公用品信息'!$C:$F,4,FALSE),"-") -> 7.5 | K130: =IFERROR(I130*J130,"") -> 7.5 | M130: =YEAR(C130) -> 2022 | N130: =MONTH(C130) -> 12
B131: 128 | C131: 44907 | D131: 曹家平 | E131: =IFERROR(VLOOKUP(D131,'基础-领用人及部门'!$C:$D,2,FALSE),"-") -> 综合办 | F131: 拖把 | G131: =IFERROR(VLOOKUP($F131,'基础-办公用品信息'!$C:$E,2,FALSE),"-") -> 个 | H131: =IFERROR(VLOOKUP($F131,'基础-办公用品信息'!$C:$E,3,FALSE),"-") -> 0 | I131: 1 | J131: =IFERROR(VLOOKUP($F131,'基础-办公用品信息'!$C:$F,4,FALSE),"-") -> 0 | K131: =IFERROR(I131*J131,"") -> 0 | M131: =YEAR(C131) -> 2022 | N131: =MONTH(C131) -> 12
B132: 129 | C132: 44908 | D132: 干淑薇 | E132: =IFERROR(VLOOKUP(D132,'基础-领用人及部门'!$C:$D,2,FALSE),"-") -> 工程部 | F132: A4打印纸 | G132: =IFERROR(VLOOKUP($F132,'基础-办公用品信息'!$C:$E,2,FALSE),"-") -> 包 | H132: =IFERROR(VLOOKUP($F132,'基础-办公用品信息'!$C:$E,3,FALSE),"-") -> 0 | I132: 8 | J132: =IFERROR(VLOOKUP($F132,'基础-办公用品信息'!$C:$F,4,FALSE),"-") -> 175 | K132: =IFERROR(I132*J132,"") -> 1400 | M132: =YEAR(C132) -> 2022 | N132: =MONTH(C132) -> 12
B133: 130 | C133: 44910 | D133: 陈圣明 | E133: =IFERROR(VLOOKUP(D133,'基础-领用人及部门'!$C:$D,2,FALSE),"-") -> 综合办 | F133: 橡胶手套 | G133: =IFERROR(VLOOKUP($F133,'基础-办公用品信息'!$C:$E,2,FALSE),"-") -> 双 | H133: =IFERROR(VLOOKUP($F133,'基础-办公用品信息'!$C:$E,3,FALSE),"-") -> 0 | I133: 1 | J133: =IFERROR(VLOOKUP($F133,'基础-办公用品信息'!$C:$F,4,FALSE),"-") -> 0 | K133: =IFERROR(I133*J133,"") -> 0 | M133: =YEAR(C133) -> 2022 | N133: =MONTH(C133) -> 12
B134: 131 | C134: 44909 | D134: 余慧娟 | E134: =IFERROR(VLOOKUP(D134,'基础-领用人及部门'!$C:$D,2,FALSE),"-") -> 综合办 | F134: 电池南孚5号 | G134: =IFERROR(VLOOKUP($F134,'基础-办公用品信息'!$C:$E,2,FALSE),"-") -> 节 | H134: =IFERROR(VLOOKUP($F134,'基础-办公用品信息'!$C:$E,3,FALSE),"-") -> 0 | I134: 10 | J134: =IFERROR(VLOOKUP($F134,'基础-办公用品信息'!$C:$F,4,FALSE),"-") -> 2.1 | K134: =IFERROR(I134*J134,"") -> 21 | M134: =YEAR(C134) -> 2022 | N134: =MONTH(C134) -> 12
B135: 132 | C135: 44909 | D135: 会所 | E135: =IFERROR(VLOOKUP(D135,'基础-领用人及部门'!$C:$D,2,FALSE),"-") -> 综合办 | F135: 电池双鹿7号 | G135: =IFERROR(VLOOKUP($F135,'基础-办公用品信息'!$C:$E,2,FALSE),"-") -> 节 | H135: =IFERROR(VLOOKUP($F135,'基础-办公用品信息'!$C:$E,3,FALSE),"-") -> 0 | I135: 30 | J135: =IFERROR(VLOOKUP($F135,'基础-办公用品信息'!$C:$F,4,FALSE),"-") -> 0 | K135: =IFERROR(I135*J135,"") -> 0 | M135: =YEAR(C135) -> 2022 | N135: =MONTH(C135) -> 12
B136: 133 | C136: 44910 | D136: 曹家平 | E136: =IFERROR(VLOOKUP(D136,'基础-领用人及部门'!$C:$D,2,FALSE),"-") -> 综合办 | F136: 垃圾袋小 | G136: =IFERROR(VLOOKUP($F136,'基础-办公用品信息'!$C:$E,2,FALSE),"-") -> 卷 | H136: =IFERROR(VLOOKUP($F136,'基础-办公用品信息'!$C:$E,3,FALSE),"-") -> 0 | I136: 20 | J136: =IFERROR(VLOOKUP($F136,'基础-办公用品信息'!$C:$F,4,FALSE),"-") -> 0 | K136: =IFERROR(I136*J136,"") -> 0 | M136: =YEAR(C136) -> 2022 | N136: =MONTH(C136) -> 12
B137: 134 | C137: 44910 | D137: 曹家平 | E137: =IFERROR(VLOOKUP(D137,'基础-领用人及部门'!$C:$D,2,FALSE),"-") -> 综合办 | F137: 抽纸盒 | G137: =IFERROR(VLOOKUP($F137,'基础-办公用品信息'!$C:$E,2,FALSE),"-") -> 盒 | H137: =IFERROR(VLOOKUP($F137,'基础-办公用品信息'!$C:$E,3,FALSE),"-") -> 0 | I137: 3 | J137: =IFERROR(VLOOKUP($F137,'基础-办公用品信息'!$C:$F,4,FALSE),"-") -> 5.3 | K137: =IFERROR(I137*J137,"") -> 15.9 | M137: =YEAR(C137) -> 2022 | N137: =MONTH(C137) -> 12
B138: 135 | C138: 44910 | D138: 曹家平 | E138: =IFERROR(VLOOKUP(D138,'基础-领用人及部门'!$C:$D,2,FALSE),"-") -> 综合办 | F138: 卷纸 | G138: =IFERROR(VLOOKUP($F138,'基础-办公用品信息'!$C:$E,2,FALSE),"-") -> 提 | H138: =IFERROR(VLOOKUP($F138,'基础-办公用品信息'!$C:$E,3,FALSE),"-") -> 0 | I138: 6 | J138: =IFERROR(VLOOKUP($F138,'基础-办公用品信息'!$C:$F,4,FALSE),"-") -> 11.5 | K138: =IFERROR(I138*J138,"") -> 69 | M138: =YEAR(C138) -> 2022 | N138: =MONTH(C138) -> 12
B139: 136 | C139: 44921 | D139: 陶怡然 | E139: =IFERROR(VLOOKUP(D139,'基础-领用人及部门'!$C:$D,2,FALSE),"-") -> 综合办 | F139: 蓝色口罩 | G139: =IFERROR(VLOOKUP($F139,'基础-办公用品信息'!$C:$E,2,FALSE),"-") -> 包 | H139: =IFERROR(VLOOKUP($F139,'基础-办公用品信息'!$C:$E,3,FALSE),"-") -> 0 | I139: 18 | J139: =IFERROR(VLOOKUP($F139,'基础-办公用品信息'!$C:$F,4,FALSE),"-") -> 0.3 | K139: =IFERROR(I139*J139,"") -> 5.4 | M139: =YEAR(C139) -> 2022 | N139: =MONTH(C139) -> 12
B140: 137 | C140: 44921 | D140: 陈灵星 | E140: =IFERROR(VLOOKUP(D140,'基础-领用人及部门'!$C:$D,2,FALSE),"-") -> 财务部 | F140: 收据三联 | G140: =IFERROR(VLOOKUP($F140,'基础-办公用品信息'!$C:$E,2,FALSE),"-") -> 本 | H140: =IFERROR(VLOOKUP($F140,'基础-办公用品信息'!$C:$E,3,FALSE),"-") -> 0 | I140: 35 | J140: =IFERROR(VLOOKUP($F140,'基础-办公用品信息'!$C:$F,4,FALSE),"-") -> 1.5 | K140: =IFERROR(I140*J140,"") -> 52.5 | M140: =YEAR(C140) -> 2022 | N140: =MONTH(C140) -> 12
B141: 138 | C141: 44921 | D141: 王 彪 | E141: =IFERROR(VLOOKUP(D141,'基础-领用人及部门'!$C:$D,2,FALSE),"-") -> 财务部 | F141: A4打印纸 | G141: =IFERROR(VLOOKUP($F141,'基础-办公用品信息'!$C:$E,2,FALSE),"-") -> 包 | H141: =IFERROR(VLOOKUP($F141,'基础-办公用品信息'!$C:$E,3,FALSE),"-") -> 0 | I141: 8 | J141: =IFERROR(VLOOKUP($F141,'基础-办公用品信息'!$C:$F,4,FALSE),"-") -> 175 | K141: =IFERROR(I141*J141,"") -> 1400 | M141: =YEAR(C141) -> 2022 | N141: =MONTH(C141) -> 12
... B159: 156 | C159: 44925 | D159: 毛总 | E159: =IFERROR(VLOOKUP(D159,'基础-领用人及部门'!$C:$D,2,FALSE),"-") -> boss | F159: 抽纸巾 | G159: =IFERROR(VLOOKUP($F159,'基础-办公用品信息'!$C:$E,2,FALSE),"-") -> 包 | H159: =IFERROR(VLOOKUP($F159,'基础-办公用品信息'!$C:$E,3,FALSE),"-") -> 0 | I159: 3 | J159: =IFERROR(VLOOKUP($F159,'基础-办公用品信息'!$C:$F,4,FALSE),"-") -> 2.5 | K159: =IFERROR(I159*J159,"") -> 7.5 | M159: =YEAR(C159) -> 2022 | N159: =MONTH(C159) -> 12
B160: 157 | C160: 44925 | D160: 毛总 | E160: =IFERROR(VLOOKUP(D160,'基础-领用人及部门'!$C:$D,2,FALSE),"-") -> boss | F160: 洗手液 | G160: =IFERROR(VLOOKUP($F160,'基础-办公用品信息'!$C:$E,2,FALSE),"-") -> 瓶 | H160: =IFERROR(VLOOKUP($F160,'基础-办公用品信息'!$C:$E,3,FALSE),"-") -> 0 | I160: 1 | J160: =IFERROR(VLOOKUP($F160,'基础-办公用品信息'!$C:$F,4,FALSE),"-") -> 0 | K160: =IFERROR(I160*J160,"") -> 0 | L160: 大桶 | M160: =YEAR(C160) -> 2022 | N160: =MONTH(C160) -> 12
B161: 158 | C161: 44927 | D161: 曹家平 | E161: =IFERROR(VLOOKUP(D161,'基础-领用人及部门'!$C:$D,2,FALSE),"-") -> 综合办 | F161: 垃圾袋大 | G161: =IFERROR(VLOOKUP($F161,'基础-办公用品信息'!$C:$E,2,FALSE),"-") -> 卷 | H161: =IFERROR(VLOOKUP($F161,'基础-办公用品信息'!$C:$E,3,FALSE),"-") -> 0 | I161: 5 | J161: =IFERROR(VLOOKUP($F161,'基础-办公用品信息'!$C:$F,4,FALSE),"-") -> 0 | K161: =IFERROR(I161*J161,"") -> 0 | M161: =YEAR(C161) -> 2023 | N161: =MONTH(C161) -> 1
B162: 159 | C162: 44927 | D162: 曹家平 | E162: =IFERROR(VLOOKUP(D162,'基础-领用人及部门'!$C:$D,2,FALSE),"-") -> 综合办 | F162: 垃圾袋小 | G162: =IFERROR(VLOOKUP($F162,'基础-办公用品信息'!$C:$E,2,FALSE),"-") -> 卷 | H162: =IFERROR(VLOOKUP($F162,'基础-办公用品信息'!$C:$E,3,FALSE),"-") -> 0 | I162: 10 | J162: =IFERROR(VLOOKUP($F162,'基础-办公用品信息'!$C:$F,4,FALSE),"-") -> 0 | K162: =IFERROR(I162*J162,"") -> 0 | M162: =YEAR(C162) -> 2023 | N162: =MONTH(C162) -> 1
B163: 160 | C163: 44927 | D163: 曹家平 | E163: =IFERROR(VLOOKUP(D163,'基础-领用人及部门'!$C:$D,2,FALSE),"-") -> 综合办 | F163: 拖把 | G163: =IFERROR(VLOOKUP($F163,'基础-办公用品信息'!$C:$E,2,FALSE),"-") -> 个 | H163: =IFERROR(VLOOKUP($F163,'基础-办公用品信息'!$C:$E,3,FALSE),"-") -> 0 | I163: 2 | J163: =IFERROR(VLOOKUP($F163,'基础-办公用品信息'!$C:$F,4,FALSE),"-") -> 0 | K163: =IFERROR(I163*J163,"") -> 0 | M163: =YEAR(C163) -> 2023 | N163: =MONTH(C163) -> 1
B164: 161 | C164: 44928 | D164: 曹家平 | E164: =IFERROR(VLOOKUP(D164,'基础-领用人及部门'!$C:$D,2,FALSE),"-") -> 综合办 | F164: 卷纸 | G164: =IFERROR(VLOOKUP($F164,'基础-办公用品信息'!$C:$E,2,FALSE),"-") -> 提 | H164: =IFERROR(VLOOKUP($F164,'基础-办公用品信息'!$C:$E,3,FALSE),"-") -> 0 | I164: 3 | J164: =IFERROR(VLOOKUP($F164,'基础-办公用品信息'!$C:$F,4,FALSE),"-") -> 11.5 | K164: =IFERROR(I164*J164,"") -> 34.5 | M164: =YEAR(C164) -> 2023 | N164: =MONTH(C164) -> 1
B165: 162 | C165: 44928 | D165: 杨 雪 | E165: =IFERROR(VLOOKUP(D165,'基础-领用人及部门'!$C:$D,2,FALSE),"-") -> 综合办 | F165: 抽纸盒 | G165: =IFERROR(VLOOKUP($F165,'基础-办公用品信息'!$C:$E,2,FALSE),"-") -> 盒 | H165: =IFERROR(VLOOKUP($F165,'基础-办公用品信息'!$C:$E,3,FALSE),"-") -> 0 | I165: 3 | J165: =IFERROR(VLOOKUP($F165,'基础-办公用品信息'!$C:$F,4,FALSE),"-") -> 5.3 | K165: =IFERROR(I165*J165,"") -> 15.9 | M165: =YEAR(C165) -> 2023 | N165: =MONTH(C165) -> 1
B166: 163 | C166: 44928 | D166: 杨 雪 | E166: =IFERROR(VLOOKUP(D166,'基础-领用人及部门'!$C:$D,2,FALSE),"-") -> 综合办 | F166: 按压水笔黑色 | G166: =IFERROR(VLOOKUP($F166,'基础-办公用品信息'!$C:$E,2,FALSE),"-") -> 支 | H166: =IFERROR(VLOOKUP($F166,'基础-办公用品信息'!$C:$E,3,FALSE),"-") -> 0 | I166: 2 | J166: =IFERROR(VLOOKUP($F166,'基础-办公用品信息'!$C:$F,4,FALSE),"-") -> 2 | K166: =IFERROR(I166*J166,"") -> 4 | M166: =YEAR(C166) -> 2023 | N166: =MONTH(C166) -> 1
B167: 164 | C167: 44928 | D167: 杨 雪 | E167: =IFERROR(VLOOKUP(D167,'基础-领用人及部门'!$C:$D,2,FALSE),"-") -> 综合办 | F167: A4打印纸 | G167: =IFERROR(VLOOKUP($F167,'基础-办公用品信息'!$C:$E,2,FALSE),"-") -> 包 | H167: =IFERROR(VLOOKUP($F167,'基础-办公用品信息'!$C:$E,3,FALSE),"-") -> 0 | I167: 1 | J167: =IFERROR(VLOOKUP($F167,'基础-办公用品信息'!$C:$F,4,FALSE),"-") -> 175 | K167: =IFERROR(I167*J167,"") -> 175 | M167: =YEAR(C167) -> 2023 | N167: =MONTH(C167) -> 1
B168: 165 | C168: 44928 | D168: 陶怡然 | E168: =IFERROR(VLOOKUP(D168,'基础-领用人及部门'!$C:$D,2,FALSE),"-") -> 综合办 | F168: 水笔黑色 | G168: =IFERROR(VLOOKUP($F168,'基础-办公用品信息'!$C:$E,2,FALSE),"-") -> 支 | H168: =IFERROR(VLOOKUP($F168,'基础-办公用品信息'!$C:$E,3,FALSE),"-") -> 0 | I168: 29 | J168: =IFERROR(VLOOKUP($F168,'基础-办公用品信息'!$C:$F,4,FALSE),"-") -> 1.3 | K168: =IFERROR(I168*J168,"") -> 37.7 | M168: =YEAR(C168) -> 2023 | N168: =MONTH(C168) -> 1
B169: 166 | C169: 44928 | D169: 陶怡然 | E169: =IFERROR(VLOOKUP(D169,'基础-领用人及部门'!$C:$D,2,FALSE),"-") -> 综合办 | F169: 电池南孚5号 | G169: =IFERROR(VLOOKUP($F169,'基础-办公用品信息'!$C:$E,2,FALSE),"-") -> 节 | H169: =IFERROR(VLOOKUP($F169,'基础-办公用品信息'!$C:$E,3,FALSE),"-") -> 0 | I169: 7 | J169: =IFERROR(VLOOKUP($F169,'基础-办公用品信息'!$C:$F,4,FALSE),"-") -> 2.1 | K169: =IFERROR(I169*J169,"") -> 14.7 | M169: =YEAR(C169) -> 2023 | N169: =MONTH(C169) -> 1
B170: 167 | C170: 44928 | D170: 曹家平 | E170: =IFERROR(VLOOKUP(D170,'基础-领用人及部门'!$C:$D,2,FALSE),"-") -> 综合办 | F170: 毛巾 | G170: =IFERROR(VLOOKUP($F170,'基础-办公用品信息'!$C:$E,2,FALSE),"-") -> 条 | H170: =IFERROR(VLOOKUP($F170,'基础-办公用品信息'!$C:$E,3,FALSE),"-") -> 0 | I170: 4 | J170: =IFERROR(VLOOKUP($F170,'基础-办公用品信息'!$C:$F,4,FALSE),"-") -> 0 | K170: =IFERROR(I170*J170,"") -> 0 | M170: =YEAR(C170) -> 2023 | N170: =MONTH(C170) -> 1
B171: 168 | C171: 44928 | D171: 干淑薇 | E171: =IFERROR(VLOOKUP(D171,'基础-领用人及部门'!$C:$D,2,FALSE),"-") -> 工程部 | F171: 水笔黑色 | G171: =IFERROR(VLOOKUP($F171,'基础-办公用品信息'!$C:$E,2,FALSE),"-") -> 支 | H171: =IFERROR(VLOOKUP($F171,'基础-办公用品信息'!$C:$E,3,FALSE),"-") -> 0 | I171: 12 | J171: =IFERROR(VLOOKUP($F171,'基础-办公用品信息'!$C:$F,4,FALSE),"-") -> 1.3 | K171: =IFERROR(I171*J171,"") -> 15.6 | M171: =YEAR(C171) -> 2023 | N171: =MONTH(C171) -> 1
B172: 169 | C172: 44929 | D172: 阮哲慧 | E172: =IFERROR(VLOOKUP(D172,'基础-领用人及部门'!$C:$D,2,FALSE),"-") -> 销售部 | F172: 蓝色口罩 | G172: =IFERROR(VLOOKUP($F172,'基础-办公用品信息'!$C:$E,2,FALSE),"-") -> 包 | H172: =IFERROR(VLOOKUP($F172,'基础-办公用品信息'!$C:$E,3,FALSE),"-") -> 0 | I172: 50 | J172: =IFERROR(VLOOKUP($F172,'基础-办公用品信息'!$C:$F,4,FALSE),"-") -> 0.3 | K172: =IFERROR(I172*J172,"") -> 15 | M172: =YEAR(C172) -> 2023 | N172: =MONTH(C172) -> 1
... B212: 209 | C212: 44955 | D212: 陈灵星 | E212: =IFERROR(VLOOKUP(D212,'基础-领用人及部门'!$C:$D,2,FALSE),"-") -> 财务部 | F212: 键盘 | G212: =IFERROR(VLOOKUP($F212,'基础-办公用品信息'!$C:$E,2,FALSE),"-") -> 个 | H212: =IFERROR(VLOOKUP($F212,'基础-办公用品信息'!$C:$E,3,FALSE),"-") -> 0 | I212: 1 | J212: =IFERROR(VLOOKUP($F212,'基础-办公用品信息'!$C:$F,4,FALSE),"-") -> 0 | K212: =IFERROR(I212*J212,"") -> 0 | M212: =YEAR(C212) -> 2023 | N212: =MONTH(C212) -> 1
B213: 210 | C213: 44955 | D213: 杨 雪 | E213: =IFERROR(VLOOKUP(D213,'基础-领用人及部门'!$C:$D,2,FALSE),"-") -> 综合办 | F213: 卷尺5m | G213: =IFERROR(VLOOKUP($F213,'基础-办公用品信息'!$C:$E,2,FALSE),"-") -> 个 | H213: =IFERROR(VLOOKUP($F213,'基础-办公用品信息'!$C:$E,3,FALSE),"-") -> 0 | I213: 1 | J213: =IFERROR(VLOOKUP($F213,'基础-办公用品信息'!$C:$F,4,FALSE),"-") -> 9 | K213: =IFERROR(I213*J213,"") -> 9 | L213: 七楼 | M213: =YEAR(C213) -> 2023 | N213: =MONTH(C213) -> 1
B214: 211 | C214: 44956 | D214: 杨 迁 | E214: =IFERROR(VLOOKUP(D214,'基础-领用人及部门'!$C:$D,2,FALSE),"-") -> 综合办 | F214: 透明暗扣袋 | G214: =IFERROR(VLOOKUP($F214,'基础-办公用品信息'!$C:$E,2,FALSE),"-") -> 个 | H214: =IFERROR(VLOOKUP($F214,'基础-办公用品信息'!$C:$E,3,FALSE),"-") -> 0 | I214: 10 | J214: =IFERROR(VLOOKUP($F214,'基础-办公用品信息'!$C:$F,4,FALSE),"-") -> 0 | K214: =IFERROR(I214*J214,"") -> 0 | L214: 小毛 | M214: =YEAR(C214) -> 2023 | N214: =MONTH(C214) -> 1
B215: 212 | C215: 44956 | D215: 陈 奔 | E215: =IFERROR(VLOOKUP(D215,'基础-领用人及部门'!$C:$D,2,FALSE),"-") -> 综合办 | F215: 橡胶手套 | G215: =IFERROR(VLOOKUP($F215,'基础-办公用品信息'!$C:$E,2,FALSE),"-") -> 双 | H215: =IFERROR(VLOOKUP($F215,'基础-办公用品信息'!$C:$E,3,FALSE),"-") -> 0 | I215: 1 | J215: =IFERROR(VLOOKUP($F215,'基础-办公用品信息'!$C:$F,4,FALSE),"-") -> 0 | K215: =IFERROR(I215*J215,"") -> 0 | M215: =YEAR(C215) -> 2023 | N215: =MONTH(C215) -> 1
B216: 213 | C216: 44956 | D216: 陈 奔 | E216: =IFERROR(VLOOKUP(D216,'基础-领用人及部门'!$C:$D,2,FALSE),"-") -> 综合办 | F216: 会议记录本皮面黑色 | G216: =IFERROR(VLOOKUP($F216,'基础-办公用品信息'!$C:$E,2,FALSE),"-") -> 本 | H216: =IFERROR(VLOOKUP($F216,'基础-办公用品信息'!$C:$E,3,FALSE),"-") -> 0 | I216: 2 | J216: =IFERROR(VLOOKUP($F216,'基础-办公用品信息'!$C:$F,4,FALSE),"-") -> 7.5 | K216: =IFERROR(I216*J216,"") -> 15 | M216: =YEAR(C216) -> 2023 | N216: =MONTH(C216) -> 1
B217: 214 | C217: 44956 | D217: 陈 奔 | E217: =IFERROR(VLOOKUP(D217,'基础-领用人及部门'!$C:$D,2,FALSE),"-") -> 综合办 | F217: 扫把 | G217: =IFERROR(VLOOKUP($F217,'基础-办公用品信息'!$C:$E,2,FALSE),"-") -> 把 | H217: =IFERROR(VLOOKUP($F217,'基础-办公用品信息'!$C:$E,3,FALSE),"-") -> 0 | I217: 1 | J217: =IFERROR(VLOOKUP($F217,'基础-办公用品信息'!$C:$F,4,FALSE),"-") -> 0 | K217: =IFERROR(I217*J217,"") -> 0 | M217: =YEAR(C217) -> 2023 | N217: =MONTH(C217) -> 1
B218: 215 | C218: 44958 | D218: 曹家平 | E218: =IFERROR(VLOOKUP(D218,'基础-领用人及部门'!$C:$D,2,FALSE),"-") -> 综合办 | F218: 抽纸盒 | G218: =IFERROR(VLOOKUP($F218,'基础-办公用品信息'!$C:$E,2,FALSE),"-") -> 盒 | H218: =IFERROR(VLOOKUP($F218,'基础-办公用品信息'!$C:$E,3,FALSE),"-") -> 0 | I218: 12 | J218: =IFERROR(VLOOKUP($F218,'基础-办公用品信息'!$C:$F,4,FALSE),"-") -> 5.3 | K218: =IFERROR(I218*J218,"") -> 63.6 | M218: =YEAR(C218) -> 2023 | N218: =MONTH(C218) -> 2
B219: 216 | C219: 44958 | D219: 曹家平 | E219: =IFERROR(VLOOKUP(D219,'基础-领用人及部门'!$C:$D,2,FALSE),"-") -> 综合办 | F219: 垃圾袋小 | G219: =IFERROR(VLOOKUP($F219,'基础-办公用品信息'!$C:$E,2,FALSE),"-") -> 卷 | H219: =IFERROR(VLOOKUP($F219,'基础-办公用品信息'!$C:$E,3,FALSE),"-") -> 0 | I219: 10 | J219: =IFERROR(VLOOKUP($F219,'基础-办公用品信息'!$C:$F,4,FALSE),"-") -> 0 | K219: =IFERROR(I219*J219,"") -> 0 | M219: =YEAR(C219) -> 2023 | N219: =MONTH(C219) -> 2
B220: 217 | C220: 44958 | D220: 曹家平 | E220: =IFERROR(VLOOKUP(D220,'基础-领用人及部门'!$C:$D,2,FALSE),"-") -> 综合办 | F220: 垃圾袋大 | G220: =IFERROR(VLOOKUP($F220,'基础-办公用品信息'!$C:$E,2,FALSE),"-") -> 卷 | H220: =IFERROR(VLOOKUP($F220,'基础-办公用品信息'!$C:$E,3,FALSE),"-") -> 0 | I220: 6 | J220: =IFERROR(VLOOKUP($F220,'基础-办公用品信息'!$C:$F,4,FALSE),"-") -> 0 | K220: =IFERROR(I220*J220,"") -> 0 | M220: =YEAR(C220) -> 2023 | N220: =MONTH(C220) -> 2
B221: 218 | C221: 44959 | D221: 刘海山 | E221: =IFERROR(VLOOKUP(D221,'基础-领用人及部门'!$C:$D,2,FALSE),"-") -> 综合办 | F221: 档案盒大塑料 | G221: =IFERROR(VLOOKUP($F221,'基础-办公用品信息'!$C:$E,2,FALSE),"-") -> 只 | H221: =IFERROR(VLOOKUP($F221,'基础-办公用品信息'!$C:$E,3,FALSE),"-") -> 0 | I221: 2 | J221: =IFERROR(VLOOKUP($F221,'基础-办公用品信息'!$C:$F,4,FALSE),"-") -> 0 | K221: =IFERROR(I221*J221,"") -> 0 | M221: =YEAR(C221) -> 2023 | N221: =MONTH(C221) -> 2
B222: 219 | C222: 44959 | D222: 陶怡然 | E222: =IFERROR(VLOOKUP(D222,'基础-领用人及部门'!$C:$D,2,FALSE),"-") -> 综合办 | F222: 水笔黑色 | G222: =IFERROR(VLOOKUP($F222,'基础-办公用品信息'!$C:$E,2,FALSE),"-") -> 支 | H222: =IFERROR(VLOOKUP($F222,'基础-办公用品信息'!$C:$E,3,FALSE),"-") -> 0 | I222: 12 | J222: =IFERROR(VLOOKUP($F222,'基础-办公用品信息'!$C:$F,4,FALSE),"-") -> 1.3 | K222: =IFERROR(I222*J222,"") -> 15.6 | M222: =YEAR(C222) -> 2023 | N222: =MONTH(C222) -> 2
B223: 220 | C223: 44959 | D223: 陈灵星 | E223: =IFERROR(VLOOKUP(D223,'基础-领用人及部门'!$C:$D,2,FALSE),"-") -> 财务部 | F223: 彩色长尾票5852 | G223: =IFERROR(VLOOKUP($F223,'基础-办公用品信息'!$C:$E,2,FALSE),"-") -> 盒 | H223: =IFERROR(VLOOKUP($F223,'基础-办公用品信息'!$C:$E,3,FALSE),"-") -> 0 | I223: 2 | J223: =IFERROR(VLOOKUP($F223,'基础-办公用品信息'!$C:$F,4,FALSE),"-") -> 15 | K223: =IFERROR(I223*J223,"") -> 30 | M223: =YEAR(C223) -> 2023 | N223: =MONTH(C223) -> 2
B224: 221 | C224: 44959 | D224: 陈灵星 | E224: =IFERROR(VLOOKUP(D224,'基础-领用人及部门'!$C:$D,2,FALSE),"-") -> 财务部 | F224: 彩色长尾票夹5851 | G224: =IFERROR(VLOOKUP($F224,'基础-办公用品信息'!$C:$E,2,FALSE),"-") -> 盒 | H224: =IFERROR(VLOOKUP($F224,'基础-办公用品信息'!$C:$E,3,FALSE),"-") -> 0 | I224: 2 | J224: =IFERROR(VLOOKUP($F224,'基础-办公用品信息'!$C:$F,4,FALSE),"-") -> 11 | K224: =IFERROR(I224*J224,"") -> 22 | M224: =YEAR(C224) -> 2023 | N224: =MONTH(C224) -> 2
B225: 222 | C225: 44959 | D225: 陈灵星 | E225: =IFERROR(VLOOKUP(D225,'基础-领用人及部门'!$C:$D,2,FALSE),"-") -> 财务部 | F225: 回形针 | G225: =IFERROR(VLOOKUP($F225,'基础-办公用品信息'!$C:$E,2,FALSE),"-") -> 盒 | H225: =IFERROR(VLOOKUP($F225,'基础-办公用品信息'!$C:$E,3,FALSE),"-") -> 0 | I225: 1 | J225: =IFERROR(VLOOKUP($F225,'基础-办公用品信息'!$C:$F,4,FALSE),"-") -> 0.7 | K225: =IFERROR(I225*J225,"") -> 0.7 | M225: =YEAR(C225) -> 2023 | N225: =MONTH(C225) -> 2
B226: 223 | C226: 44959 | D226: 陶怡然 | E226: =IFERROR(VLOOKUP(D226,'基础-领用人及部门'!$C:$D,2,FALSE),"-") -> 综合办 | F226: 剪刀 | G226: =IFERROR(VLOOKUP($F226,'基础-办公用品信息'!$C:$E,2,FALSE),"-") -> 把 | H226: =IFERROR(VLOOKUP($F226,'基础-办公用品信息'!$C:$E,3,FALSE),"-") -> 0 | I226: 1 | J226: =IFERROR(VLOOKUP($F226,'基础-办公用品信息'!$C:$F,4,FALSE),"-") -> 3.5 | K226: =IFERROR(I226*J226,"") -> 3.5 | M226: =YEAR(C226) -> 2023 | N226: =MONTH(C226) -> 2
... B235: 232 | C235: 44963 | D235: 王 彪 | E235: =IFERROR(VLOOKUP(D235,'基础-领用人及部门'!$C:$D,2,FALSE),"-") -> 财务部 | F235: 插座3m | G235: =IFERROR(VLOOKUP($F235,'基础-办公用品信息'!$C:$E,2,FALSE),"-") -> 个 | H235: =IFERROR(VLOOKUP($F235,'基础-办公用品信息'!$C:$E,3,FALSE),"-") -> 0 | I235: 1 | J235: =IFERROR(VLOOKUP($F235,'基础-办公用品信息'!$C:$F,4,FALSE),"-") -> 59 | K235: =IFERROR(I235*J235,"") -> 59 | M235: =YEAR(C235) -> 2023 | N235: =MONTH(C235) -> 2
B236: 233 | C236: 44964 | D236: 陶怡然 | E236: =IFERROR(VLOOKUP(D236,'基础-领用人及部门'!$C:$D,2,FALSE),"-") -> 综合办 | F236: 水笔黑色 | G236: =IFERROR(VLOOKUP($F236,'基础-办公用品信息'!$C:$E,2,FALSE),"-") -> 支 | H236: =IFERROR(VLOOKUP($F236,'基础-办公用品信息'!$C:$E,3,FALSE),"-") -> 0 | I236: 4 | J236: =IFERROR(VLOOKUP($F236,'基础-办公用品信息'!$C:$F,4,FALSE),"-") -> 1.3 | K236: =IFERROR(I236*J236,"") -> 5.2 | L236: 悦江府入职 | M236: =YEAR(C236) -> 2023 | N236: =MONTH(C236) -> 2
B237: 234 | C237: 44964 | D237: 陶怡然 | E237: =IFERROR(VLOOKUP(D237,'基础-领用人及部门'!$C:$D,2,FALSE),"-") -> 综合办 | F237: 会议记录本皮面黑色 | G237: =IFERROR(VLOOKUP($F237,'基础-办公用品信息'!$C:$E,2,FALSE),"-") -> 本 | H237: =IFERROR(VLOOKUP($F237,'基础-办公用品信息'!$C:$E,3,FALSE),"-") -> 0 | I237: 4 | J237: =IFERROR(VLOOKUP($F237,'基础-办公用品信息'!$C:$F,4,FALSE),"-") -> 7.5 | K237: =IFERROR(I237*J237,"") -> 30 | L237: 悦江府入职 | M237: =YEAR(C237) -> 2023 | N237: =MONTH(C237) -> 2
B238: 235 | C238: 44964 | D238: 蔡迎亚 | E238: =IFERROR(VLOOKUP(D238,'基础-领用人及部门'!$C:$D,2,FALSE),"-") -> 综合办 | F238: 水笔黑色 | G238: =IFERROR(VLOOKUP($F238,'基础-办公用品信息'!$C:$E,2,FALSE),"-") -> 支 | H238: =IFERROR(VLOOKUP($F238,'基础-办公用品信息'!$C:$E,3,FALSE),"-") -> 0 | I238: 12 | J238: =IFERROR(VLOOKUP($F238,'基础-办公用品信息'!$C:$F,4,FALSE),"-") -> 1.3 | K238: =IFERROR(I238*J238,"") -> 15.6 | M238: =YEAR(C238) -> 2023 | N238: =MONTH(C238) -> 2
B239: 236 | C239: 44964 | D239: 蔡迎亚 | E239: =IFERROR(VLOOKUP(D239,'基础-领用人及部门'!$C:$D,2,FALSE),"-") -> 综合办 | F239: 定制会议便签本牛皮书写夹板A4 | G239: =IFERROR(VLOOKUP($F239,'基础-办公用品信息'!$C:$E,2,FALSE),"-") -> 本 | H239: =IFERROR(VLOOKUP($F239,'基础-办公用品信息'!$C:$E,3,FALSE),"-") -> 0 | I239: 6 | J239: =IFERROR(VLOOKUP($F239,'基础-办公用品信息'!$C:$F,4,FALSE),"-") -> 0 | K239: =IFERROR(I239*J239,"") -> 0 | M239: =YEAR(C239) -> 2023 | N239: =MONTH(C239) -> 2
B240: 237 | C240: 44964 | D240: 范小红 | E240: =IFERROR(VLOOKUP(D240,'基础-领用人及部门'!$C:$D,2,FALSE),"-") -> 综合办 | F240: 洗衣粉 | G240: =IFERROR(VLOOKUP($F240,'基础-办公用品信息'!$C:$E,2,FALSE),"-") -> 包 | H240: =IFERROR(VLOOKUP($F240,'基础-办公用品信息'!$C:$E,3,FALSE),"-") -> 0 | I240: 1 | J240: =IFERROR(VLOOKUP($F240,'基础-办公用品信息'!$C:$F,4,FALSE),"-") -> 0 | K240: =IFERROR(I240*J240,"") -> 0 | M240: =YEAR(C240) -> 2023 | N240: =MONTH(C240) -> 2
B241: 238 | C241: 44964 | D241: 曹家平 | E241: =IFERROR(VLOOKUP(D241,'基础-领用人及部门'!$C:$D,2,FALSE),"-") -> 综合办 | F241: 垃圾袋大 | G241: =IFERROR(VLOOKUP($F241,'基础-办公用品信息'!$C:$E,2,FALSE),"-") -> 卷 | H241: =IFERROR(VLOOKUP($F241,'基础-办公用品信息'!$C:$E,3,FALSE),"-") -> 0 | I241: 10 | J241: =IFERROR(VLOOKUP($F241,'基础-办公用品信息'!$C:$F,4,FALSE),"-") -> 0 | K241: =IFERROR(I241*J241,"") -> 0 | M241: =YEAR(C241) -> 2023 | N241: =MONTH(C241) -> 2
B242: 239 | C242: 44964 | D242: 曹家平 | E242: =IFERROR(VLOOKUP(D242,'基础-领用人及部门'!$C:$D,2,FALSE),"-") -> 综合办 | F242: 垃圾袋小 | G242: =IFERROR(VLOOKUP($F242,'基础-办公用品信息'!$C:$E,2,FALSE),"-") -> 卷 | H242: =IFERROR(VLOOKUP($F242,'基础-办公用品信息'!$C:$E,3,FALSE),"-") -> 0 | I242: 20 | J242: =IFERROR(VLOOKUP($F242,'基础-办公用品信息'!$C:$F,4,FALSE),"-") -> 0 | K242: =IFERROR(I242*J242,"") -> 0 | M242: =YEAR(C242) -> 2023 | N242: =MONTH(C242) -> 2
B243: 240 | C243: 44964 | D243: 曹家平 | E243: =IFERROR(VLOOKUP(D243,'基础-领用人及部门'!$C:$D,2,FALSE),"-") -> 综合办 | F243: 卷纸 | G243: =IFERROR(VLOOKUP($F243,'基础-办公用品信息'!$C:$E,2,FALSE),"-") -> 提 | H243: =IFERROR(VLOOKUP($F243,'基础-办公用品信息'!$C:$E,3,FALSE),"-") -> 0 | I243: 5 | J243: =IFERROR(VLOOKUP($F243,'基础-办公用品信息'!$C:$F,4,FALSE),"-") -> 11.5 | K243: =IFERROR(I243*J243,"") -> 57.5 | M243: =YEAR(C243) -> 2023 | N243: =MONTH(C243) -> 2
B244: 241 | C244: 44964 | D244: 金也莉 | E244: =IFERROR(VLOOKUP(D244,'基础-领用人及部门'!$C:$D,2,FALSE),"-") -> 成本部 | F244: 定制会议本牛皮A4 | G244: =IFERROR(VLOOKUP($F244,'基础-办公用品信息'!$C:$E,2,FALSE),"-") -> 本 | H244: =IFERROR(VLOOKUP($F244,'基础-办公用品信息'!$C:$E,3,FALSE),"-") -> 0 | I244: 1 | J244: =IFERROR(VLOOKUP($F244,'基础-办公用品信息'!$C:$F,4,FALSE),"-") -> 0 | K244: =IFERROR(I244*J244,"") -> 0 | M244: =YEAR(C244) -> 2023 | N244: =MONTH(C244) -> 2
B245: 242 | C245: 44964 | D245: 杨 雪 | E245: =IFERROR(VLOOKUP(D245,'基础-领用人及部门'!$C:$D,2,FALSE),"-") -> 综合办 | F245: A3打印纸 | G245: =IFERROR(VLOOKUP($F245,'基础-办公用品信息'!$C:$E,2,FALSE),"-") -> 包 | H245: =IFERROR(VLOOKUP($F245,'基础-办公用品信息'!$C:$E,3,FALSE),"-") -> 0 | I245: 2 | J245: =IFERROR(VLOOKUP($F245,'基础-办公用品信息'!$C:$F,4,FALSE),"-") -> 175 | K245: =IFERROR(I245*J245,"") -> 350 | M245: =YEAR(C245) -> 2023 | N245: =MONTH(C245) -> 2
B246: 243 | C246: 44964 | D246: 杨 雪 | E246: =IFERROR(VLOOKUP(D246,'基础-领用人及部门'!$C:$D,2,FALSE),"-") -> 综合办 | F246: A4打印纸 | G246: =IFERROR(VLOOKUP($F246,'基础-办公用品信息'!$C:$E,2,FALSE),"-") -> 包 | H246: =IFERROR(VLOOKUP($F246,'基础-办公用品信息'!$C:$E,3,FALSE),"-") -> 0 | I246: 8 | J246: =IFERROR(VLOOKUP($F246,'基础-办公用品信息'!$C:$F,4,FALSE),"-") -> 175 | K246: =IFERROR(I246*J246,"") -> 1400 | M246: =YEAR(C246) -> 2023 | N246: =MONTH(C246) -> 2
...

Sheet 部门领取汇总
B2: 部门领取汇总 | L2: 领取数量 | M2: 领取金额
L3: =SUM(I8:I500) -> 63 | M3: =SUM(K8:K500) -> 84.3
B4: 指定查询的领取部门： | D4: 销售部 | F4: 输入领取的起止日期： | H4: 43466 | I4: 至 | J4: 44925
B6: ="在设定的时间段内查询到 ["&D4&"] 部门记录共"&COUNTIFS(I8:I207,">0.5")&"条；合计数量为"&SUM(I8:I207)&"件" -> 在设定的时间段内查询到 [销售部] 部门记录共11条；合计数量为63件
B7: NO: | C7: 办公用品名称 | E7: 单位 | G7: 型号 | I7: 数量 | J7: 单价 | K7: 金额
B8: 1 | C8: =IF('基础-办公用品信息'!C4="","-",'基础-办公用品信息'!C4) -> A3打印纸 | E8: =IF('基础-办公用品信息'!D4="","-",'基础-办公用品信息'!D4) -> 包 | G8: =IF('基础-办公用品信息'!E4="","-",'基础-办公用品信息'!E4) -> - | I8: =SUMIFS('领用录入（明细）'!I:I,'领用录入（明细）'!E:E,$D$4,'领用录入（明细）'!C:C,">="&$H$4,'领用录入（明细）'!C:C,"<="&$J$4,'领用录入（明细）'!F:F,C8) -> 0 | J8: =IFERROR(VLOOKUP(C8,'基础-办公用品信息'!$C:$G,4,0),"-") -> 175 | K8: =SUMIFS('领用录入（明细）'!K:K,'领用录入（明细）'!E:E,$D$4,'领用录入（明细）'!C:C,">="&$H$4,'领用录入（明细）'!C:C,"<="&$J$4,'领用录入（明细）'!F:F,C8) -> 0
B9: 2 | C9: =IF('基础-办公用品信息'!C5="","-",'基础-办公用品信息'!C5) -> A4打印纸 | E9: =IF('基础-办公用品信息'!D5="","-",'基础-办公用品信息'!D5) -> 包 | G9: =IF('基础-办公用品信息'!E5="","-",'基础-办公用品信息'!E5) -> - | I9: =SUMIFS('领用录入（明细）'!I:I,'领用录入（明细）'!E:E,$D$4,'领用录入（明细）'!C:C,">="&$H$4,'领用录入（明细）'!C:C,"<="&$J$4,'领用录入（明细）'!F:F,C9) -> 0 | J9: =IFERROR(VLOOKUP(C9,'基础-办公用品信息'!$C:$G,4,0),"") -> 175 | K9: =SUMIFS('领用录入（明细）'!K:K,'领用录入（明细）'!E:E,$D$4,'领用录入（明细）'!C:C,">="&$H$4,'领用录入（明细）'!C:C,"<="&$J$4,'领用录入（明细）'!F:F,C9) -> 0
B10: 3 | C10: =IF('基础-办公用品信息'!C6="","-",'基础-办公用品信息'!C6) -> A4装订封面纸 | E10: =IF('基础-办公用品信息'!D6="","-",'基础-办公用品信息'!D6) -> 包 | G10: =IF('基础-办公用品信息'!E6="","-",'基础-办公用品信息'!E6) -> - | I10: =SUMIFS('领用录入（明细）'!I:I,'领用录入（明细）'!E:E,$D$4,'领用录入（明细）'!C:C,">="&$H$4,'领用录入（明细）'!C:C,"<="&$J$4,'领用录入（明细）'!F:F,C10) -> 0 | J10: =IFERROR(VLOOKUP(C10,'基础-办公用品信息'!$C:$G,4,0),"") -> 18 | K10: =SUMIFS('领用录入（明细）'!K:K,'领用录入（明细）'!E:E,$D$4,'领用录入（明细）'!C:C,">="&$H$4,'领用录入（明细）'!C:C,"<="&$J$4,'领用录入（明细）'!F:F,C10) -> 0
B11: 4 | C11: =IF('基础-办公用品信息'!C7="","-",'基础-办公用品信息'!C7) -> A4复印纸蓝色 | E11: =IF('基础-办公用品信息'!D7="","-",'基础-办公用品信息'!D7) -> 包 | G11: =IF('基础-办公用品信息'!E7="","-",'基础-办公用品信息'!E7) -> - | I11: =SUMIFS('领用录入（明细）'!I:I,'领用录入（明细）'!E:E,$D$4,'领用录入（明细）'!C:C,">="&$H$4,'领用录入（明细）'!C:C,"<="&$J$4,'领用录入（明细）'!F:F,C11) -> 0 | J11: =IFERROR(VLOOKUP(C11,'基础-办公用品信息'!$C:$G,4,0),"") -> 0 | K11: =SUMIFS('领用录入（明细）'!K:K,'领用录入（明细）'!E:E,$D$4,'领用录入（明细）'!C:C,">="&$H$4,'领用录入（明细）'!C:C,"<="&$J$4,'领用录入（明细）'!F:F,C11) -> 0
B12: 5 | C12: =IF('基础-办公用品信息'!C8="","-",'基础-办公用品信息'!C8) -> A4复印纸红色 | E12: =IF('基础-办公用品信息'!D8="","-",'基础-办公用品信息'!D8) -> 包 | G12: =IF('基础-办公用品信息'!E8="","-",'基础-办公用品信息'!E8) -> - | I12: =SUMIFS('领用录入（明细）'!I:I,'领用录入（明细）'!E:E,$D$4,'领用录入（明细）'!C:C,">="&$H$4,'领用录入（明细）'!C:C,"<="&$J$4,'领用录入（明细）'!F:F,C12) -> 0 | J12: =IFERROR(VLOOKUP(C12,'基础-办公用品信息'!$C:$G,4,0),"") -> 0 | K12: =SUMIFS('领用录入（明细）'!K:K,'领用录入（明细）'!E:E,$D$4,'领用录入（明细）'!C:C,">="&$H$4,'领用录入（明细）'!C:C,"<="&$J$4,'领用录入（明细）'!F:F,C12) -> 0
B13: 6 | C13: =IF('基础-办公用品信息'!C9="","-",'基础-办公用品信息'!C9) -> A4白卡纸180克荷兰白卡 | E13: =IF('基础-办公用品信息'!D9="","-",'基础-办公用品信息'!D9) -> 包 | G13: =IF('基础-办公用品信息'!E9="","-",'基础-办公用品信息'!E9) -> - | I13: =SUMIFS('领用录入（明细）'!I:I,'领用录入（明细）'!E:E,$D$4,'领用录入（明细）'!C:C,">="&$H$4,'领用录入（明细）'!C:C,"<="&$J$4,'领用录入（明细）'!F:F,C13) -> 0 | J13: =IFERROR(VLOOKUP(C13,'基础-办公用品信息'!$C:$G,4,0),"") -> 0 | K13: =SUMIFS('领用录入（明细）'!K:K,'领用录入（明细）'!E:E,$D$4,'领用录入（明细）'!C:C,">="&$H$4,'领用录入（明细）'!C:C,"<="&$J$4,'领用录入（明细）'!F:F,C13) -> 0
B14: 7 | C14: =IF('基础-办公用品信息'!C10="","-",'基础-办公用品信息'!C10) -> 定制会议本牛皮A4 | E14: =IF('基础-办公用品信息'!D10="","-",'基础-办公用品信息'!D10) -> 本 | G14: =IF('基础-办公用品信息'!E10="","-",'基础-办公用品信息'!E10) -> - | I14: =SUMIFS('领用录入（明细）'!I:I,'领用录入（明细）'!E:E,$D$4,'领用录入（明细）'!C:C,">="&$H$4,'领用录入（明细）'!C:C,"<="&$J$4,'领用录入（明细）'!F:F,C14) -> 0 | J14: =IFERROR(VLOOKUP(C14,'基础-办公用品信息'!$C:$G,4,0),"") -> 0 | K14: =SUMIFS('领用录入（明细）'!K:K,'领用录入（明细）'!E:E,$D$4,'领用录入（明细）'!C:C,">="&$H$4,'领用录入（明细）'!C:C,"<="&$J$4,'领用录入（明细）'!F:F,C14) -> 0
B15: 8 | C15: =IF('基础-办公用品信息'!C11="","-",'基础-办公用品信息'!C11) -> 定制会议本活页B5 | E15: =IF('基础-办公用品信息'!D11="","-",'基础-办公用品信息'!D11) -> 本 | G15: =IF('基础-办公用品信息'!E11="","-",'基础-办公用品信息'!E11) -> - | I15: =SUMIFS('领用录入（明细）'!I:I,'领用录入（明细）'!E:E,$D$4,'领用录入（明细）'!C:C,">="&$H$4,'领用录入（明细）'!C:C,"<="&$J$4,'领用录入（明细）'!F:F,C15) -> 0 | J15: =IFERROR(VLOOKUP(C15,'基础-办公用品信息'!$C:$G,4,0),"") -> 0 | K15: =SUMIFS('领用录入（明细）'!K:K,'领用录入（明细）'!E:E,$D$4,'领用录入（明细）'!C:C,">="&$H$4,'领用录入（明细）'!C:C,"<="&$J$4,'领用录入（明细）'!F:F,C15) -> 0
B16: 9 | C16: =IF('基础-办公用品信息'!C12="","-",'基础-办公用品信息'!C12) -> 定制会议便签本牛皮书写夹板A4 | E16: =IF('基础-办公用品信息'!D12="","-",'基础-办公用品信息'!D12) -> 本 | G16: =IF('基础-办公用品信息'!E12="","-",'基础-办公用品信息'!E12) -> - | I16: =SUMIFS('领用录入（明细）'!I:I,'领用录入（明细）'!E:E,$D$4,'领用录入（明细）'!C:C,">="&$H$4,'领用录入（明细）'!C:C,"<="&$J$4,'领用录入（明细）'!F:F,C16) -> 0 | J16: =IFERROR(VLOOKUP(C16,'基础-办公用品信息'!$C:$G,4,0),"") -> 0 | K16: =SUMIFS('领用录入（明细）'!K:K,'领用录入（明细）'!E:E,$D$4,'领用录入（明细）'!C:C,">="&$H$4,'领用录入（明细）'!C:C,"<="&$J$4,'领用录入（明细）'!F:F,C16) -> 0
B17: 10 | C17: =IF('基础-办公用品信息'!C13="","-",'基础-办公用品信息'!C13) -> 会议记录本皮面黑色 | E17: =IF('基础-办公用品信息'!D13="","-",'基础-办公用品信息'!D13) -> 本 | G17: =IF('基础-办公用品信息'!E13="","-",'基础-办公用品信息'!E13) -> - | I17: =SUMIFS('领用录入（明细）'!I:I,'领用录入（明细）'!E:E,$D$4,'领用录入（明细）'!C:C,">="&$H$4,'领用录入（明细）'!C:C,"<="&$J$4,'领用录入（明细）'!F:F,C17) -> 5 | J17: =IFERROR(VLOOKUP(C17,'基础-办公用品信息'!$C:$G,4,0),"") -> 7.5 | K17: =SUMIFS('领用录入（明细）'!K:K,'领用录入（明细）'!E:E,$D$4,'领用录入（明细）'!C:C,">="&$H$4,'领用录入（明细）'!C:C,"<="&$J$4,'领用录入（明细）'!F:F,C17) -> 37.5
B18: 11 | C18: =IF('基础-办公用品信息'!C14="","-",'基础-办公用品信息'!C14) -> office本32k | E18: =IF('基础-办公用品信息'!D14="","-",'基础-办公用品信息'!D14) -> 本 | G18: =IF('基础-办公用品信息'!E14="","-",'基础-办公用品信息'!E14) -> - | I18: =SUMIFS('领用录入（明细）'!I:I,'领用录入（明细）'!E:E,$D$4,'领用录入（明细）'!C:C,">="&$H$4,'领用录入（明细）'!C:C,"<="&$J$4,'领用录入（明细）'!F:F,C18) -> 0 | J18: =IFERROR(VLOOKUP(C18,'基础-办公用品信息'!$C:$G,4,0),"") -> 0 | K18: =SUMIFS('领用录入（明细）'!K:K,'领用录入（明细）'!E:E,$D$4,'领用录入（明细）'!C:C,">="&$H$4,'领用录入（明细）'!C:C,"<="&$J$4,'领用录入（明细）'!F:F,C18) -> 0
B19: 12 | C19: =IF('基础-办公用品信息'!C15="","-",'基础-办公用品信息'!C15) -> 软面抄100 | E19: =IF('基础-办公用品信息'!D15="","-",'基础-办公用品信息'!D15) -> 本 | G19: =IF('基础-办公用品信息'!E15="","-",'基础-办公用品信息'!E15) -> - | I19: =SUMIFS('领用录入（明细）'!I:I,'领用录入（明细）'!E:E,$D$4,'领用录入（明细）'!C:C,">="&$H$4,'领用录入（明细）'!C:C,"<="&$J$4,'领用录入（明细）'!F:F,C19) -> 0 | J19: =IFERROR(VLOOKUP(C19,'基础-办公用品信息'!$C:$G,4,0),"") -> 1.5 | K19: =SUMIFS('领用录入（明细）'!K:K,'领用录入（明细）'!E:E,$D$4,'领用录入（明细）'!C:C,">="&$H$4,'领用录入（明细）'!C:C,"<="&$J$4,'领用录入（明细）'!F:F,C19) -> 0
B20: 13 | C20: =IF('基础-办公用品信息'!C16="","-",'基础-办公用品信息'!C16) -> 透明暗扣袋 | E20: =IF('基础-办公用品信息'!D16="","-",'基础-办公用品信息'!D16) -> 个 | G20: =IF('基础-办公用品信息'!E16="","-",'基础-办公用品信息'!E16) -> - | I20: =SUMIFS('领用录入（明细）'!I:I,'领用录入（明细）'!E:E,$D$4,'领用录入（明细）'!C:C,">="&$H$4,'领用录入（明细）'!C:C,"<="&$J$4,'领用录入（明细）'!F:F,C20) -> 0 | J20: =IFERROR(VLOOKUP(C20,'基础-办公用品信息'!$C:$G,4,0),"") -> 0 | K20: =SUMIFS('领用录入（明细）'!K:K,'领用录入（明细）'!E:E,$D$4,'领用录入（明细）'!C:C,">="&$H$4,'领用录入（明细）'!C:C,"<="&$J$4,'领用录入（明细）'!F:F,C20) -> 0
... B150: 143 | C150: =IF('基础-办公用品信息'!C146="","-",'基础-办公用品信息'!C146) -> 500消毒液 | E150: =IF('基础-办公用品信息'!D146="","-",'基础-办公用品信息'!D146) -> 瓶 | G150: =IF('基础-办公用品信息'!E146="","-",'基础-办公用品信息'!E146) -> - | I150: =SUMIFS('领用录入（明细）'!I:I,'领用录入（明细）'!E:E,$D$4,'领用录入（明细）'!C:C,">="&$H$4,'领用录入（明细）'!C:C,"<="&$J$4,'领用录入（明细）'!F:F,C150) -> 0 | J150: =IFERROR(VLOOKUP(C150,'基础-办公用品信息'!$C:$G,4,0),"") -> 0 | K150: =SUMIFS('领用录入（明细）'!K:K,'领用录入（明细）'!E:E,$D$4,'领用录入（明细）'!C:C,">="&$H$4,'领用录入（明细）'!C:C,"<="&$J$4,'领用录入（明细）'!F:F,C150) -> 0
B151: 144 | C151: =IF('基础-办公用品信息'!#REF!="","-",'基础-办公用品信息'!#REF!) -> #REF! | E151: =IF('基础-办公用品信息'!#REF!="","-",'基础-办公用品信息'!#REF!) -> #REF! | G151: =IF('基础-办公用品信息'!#REF!="","-",'基础-办公用品信息'!#REF!) -> #REF! | I151: =SUMIFS('领用录入（明细）'!I:I,'领用录入（明细）'!E:E,$D$4,'领用录入（明细）'!C:C,">="&$H$4,'领用录入（明细）'!C:C,"<="&$J$4,'领用录入（明细）'!F:F,C151) -> 0 | J151: =IFERROR(VLOOKUP(C151,'基础-办公用品信息'!$C:$G,4,0),"") | K151: =SUMIFS('领用录入（明细）'!K:K,'领用录入（明细）'!E:E,$D$4,'领用录入（明细）'!C:C,">="&$H$4,'领用录入（明细）'!C:C,"<="&$J$4,'领用录入（明细）'!F:F,C151) -> 0
B152: 145 | C152: =IF('基础-办公用品信息'!C147="","-",'基础-办公用品信息'!C147) -> 拖把 | E152: =IF('基础-办公用品信息'!D147="","-",'基础-办公用品信息'!D147) -> 个 | G152: =IF('基础-办公用品信息'!E147="","-",'基础-办公用品信息'!E147) -> - | I152: =SUMIFS('领用录入（明细）'!I:I,'领用录入（明细）'!E:E,$D$4,'领用录入（明细）'!C:C,">="&$H$4,'领用录入（明细）'!C:C,"<="&$J$4,'领用录入（明细）'!F:F,C152) -> 1 | J152: =IFERROR(VLOOKUP(C152,'基础-办公用品信息'!$C:$G,4,0),"") -> 0 | K152: =SUMIFS('领用录入（明细）'!K:K,'领用录入（明细）'!E:E,$D$4,'领用录入（明细）'!C:C,">="&$H$4,'领用录入（明细）'!C:C,"<="&$J$4,'领用录入（明细）'!F:F,C152) -> 0
B153: 146 | C153: =IF('基础-办公用品信息'!C148="","-",'基础-办公用品信息'!C148) -> 玻璃刮刀 | E153: =IF('基础-办公用品信息'!D148="","-",'基础-办公用品信息'!D148) -> 个 | G153: =IF('基础-办公用品信息'!E148="","-",'基础-办公用品信息'!E148) -> - | I153: =SUMIFS('领用录入（明细）'!I:I,'领用录入（明细）'!E:E,$D$4,'领用录入（明细）'!C:C,">="&$H$4,'领用录入（明细）'!C:C,"<="&$J$4,'领用录入（明细）'!F:F,C153) -> 1 | J153: =IFERROR(VLOOKUP(C153,'基础-办公用品信息'!$C:$G,4,0),"") -> 0 | K153: =SUMIFS('领用录入（明细）'!K:K,'领用录入（明细）'!E:E,$D$4,'领用录入（明细）'!C:C,">="&$H$4,'领用录入（明细）'!C:C,"<="&$J$4,'领用录入（明细）'!F:F,C153) -> 0
B154: 147 | C154: =IF('基础-办公用品信息'!C149="","-",'基础-办公用品信息'!C149) -> 玻璃水 | E154: =IF('基础-办公用品信息'!D149="","-",'基础-办公用品信息'!D149) -> 瓶 | G154: =IF('基础-办公用品信息'!E149="","-",'基础-办公用品信息'!E149) -> - | I154: =SUMIFS('领用录入（明细）'!I:I,'领用录入（明细）'!E:E,$D$4,'领用录入（明细）'!C:C,">="&$H$4,'领用录入（明细）'!C:C,"<="&$J$4,'领用录入（明细）'!F:F,C154) -> 1 | J154: =IFERROR(VLOOKUP(C154,'基础-办公用品信息'!$C:$G,4,0),"") -> 0 | K154: =SUMIFS('领用录入（明细）'!K:K,'领用录入（明细）'!E:E,$D$4,'领用录入（明细）'!C:C,">="&$H$4,'领用录入（明细）'!C:C,"<="&$J$4,'领用录入（明细）'!F:F,C154) -> 0
B155: 148 | C155: =IF('基础-办公用品信息'!C150="","-",'基础-办公用品信息'!C150) -> 毛巾 | E155: =IF('基础-办公用品信息'!D150="","-",'基础-办公用品信息'!D150) -> 条 | G155: =IF('基础-办公用品信息'!E150="","-",'基础-办公用品信息'!E150) -> - | I155: =SUMIFS('领用录入（明细）'!I:I,'领用录入（明细）'!E:E,$D$4,'领用录入（明细）'!C:C,">="&$H$4,'领用录入（明细）'!C:C,"<="&$J$4,'领用录入（明细）'!F:F,C155) -> 2 | J155: =IFERROR(VLOOKUP(C155,'基础-办公用品信息'!$C:$G,4,0),"") -> 0 | K155: =SUMIFS('领用录入（明细）'!K:K,'领用录入（明细）'!E:E,$D$4,'领用录入（明细）'!C:C,">="&$H$4,'领用录入（明细）'!C:C,"<="&$J$4,'领用录入（明细）'!F:F,C155) -> 0
B156: 149 | C156: =IF('基础-办公用品信息'!C151="","-",'基础-办公用品信息'!C151) -> 钉钉打卡机 | E156: =IF('基础-办公用品信息'!D151="","-",'基础-办公用品信息'!D151) -> 个 | G156: =IF('基础-办公用品信息'!E151="","-",'基础-办公用品信息'!E151) -> - | I156: =SUMIFS('领用录入（明细）'!I:I,'领用录入（明细）'!E:E,$D$4,'领用录入（明细）'!C:C,">="&$H$4,'领用录入（明细）'!C:C,"<="&$J$4,'领用录入（明细）'!F:F,C156) -> 1 | J156: =IFERROR(VLOOKUP(C156,'基础-办公用品信息'!$C:$G,4,0),"") -> 0 | K156: =SUMIFS('领用录入（明细）'!K:K,'领用录入（明细）'!E:E,$D$4,'领用录入（明细）'!C:C,">="&$H$4,'领用录入（明细）'!C:C,"<="&$J$4,'领用录入（明细）'!F:F,C156) -> 0
B157: 150 | C157: =IF('基础-办公用品信息'!C152="","-",'基础-办公用品信息'!C152) -> 酒精消毒水 | E157: =IF('基础-办公用品信息'!D152="","-",'基础-办公用品信息'!D152) -> 瓶 | G157: =IF('基础-办公用品信息'!E152="","-",'基础-办公用品信息'!E152) -> - | I157: =SUMIFS('领用录入（明细）'!I:I,'领用录入（明细）'!E:E,$D$4,'领用录入（明细）'!C:C,">="&$H$4,'领用录入（明细）'!C:C,"<="&$J$4,'领用录入（明细）'!F:F,C157) -> 2 | J157: =IFERROR(VLOOKUP(C157,'基础-办公用品信息'!$C:$G,4,0),"") -> 0 | K157: =SUMIFS('领用录入（明细）'!K:K,'领用录入（明细）'!E:E,$D$4,'领用录入（明细）'!C:C,">="&$H$4,'领用录入（明细）'!C:C,"<="&$J$4,'领用录入（明细）'!F:F,C157) -> 0
B158: 151 | C158: =IF('基础-办公用品信息'!C153="","-",'基础-办公用品信息'!C153) -> 马桶刷 | E158: =IF('基础-办公用品信息'!D153="","-",'基础-办公用品信息'!D153) -> 个 | G158: =IF('基础-办公用品信息'!E153="","-",'基础-办公用品信息'!E153) -> - | I158: =SUMIFS('领用录入（明细）'!I:I,'领用录入（明细）'!E:E,$D$4,'领用录入（明细）'!C:C,">="&$H$4,'领用录入（明细）'!C:C,"<="&$J$4,'领用录入（明细）'!F:F,C158) -> 0 | J158: =IFERROR(VLOOKUP(C158,'基础-办公用品信息'!$C:$G,4,0),"") -> 0 | K158: =SUMIFS('领用录入（明细）'!K:K,'领用录入（明细）'!E:E,$D$4,'领用录入（明细）'!C:C,">="&$H$4,'领用录入（明细）'!C:C,"<="&$J$4,'领用录入（明细）'!F:F,C158) -> 0
B159: 152 | C159: =IF('基础-办公用品信息'!C154="","-",'基础-办公用品信息'!C154) -> 洗手液 | E159: =IF('基础-办公用品信息'!D154="","-",'基础-办公用品信息'!D154) -> 瓶 | G159: =IF('基础-办公用品信息'!E154="","-",'基础-办公用品信息'!E154) -> - | I159: =SUMIFS('领用录入（明细）'!I:I,'领用录入（明细）'!E:E,$D$4,'领用录入（明细）'!C:C,">="&$H$4,'领用录入（明细）'!C:C,"<="&$J$4,'领用录入（明细）'!F:F,C159) -> 0 | J159: =IFERROR(VLOOKUP(C159,'基础-办公用品信息'!$C:$G,4,0),"") -> 0 | K159: =SUMIFS('领用录入（明细）'!K:K,'领用录入（明细）'!E:E,$D$4,'领用录入（明细）'!C:C,">="&$H$4,'领用录入（明细）'!C:C,"<="&$J$4,'领用录入（明细）'!F:F,C159) -> 0
B160: 153 | C160: =IF('基础-办公用品信息'!C155="","-",'基础-办公用品信息'!C155) -> 报销单 | E160: =IF('基础-办公用品信息'!D155="","-",'基础-办公用品信息'!D155) -> 本 | G160: =IF('基础-办公用品信息'!E155="","-",'基础-办公用品信息'!E155) -> - | I160: =SUMIFS('领用录入（明细）'!I:I,'领用录入（明细）'!E:E,$D$4,'领用录入（明细）'!C:C,">="&$H$4,'领用录入（明细）'!C:C,"<="&$J$4,'领用录入（明细）'!F:F,C160) -> 0 | J160: =IFERROR(VLOOKUP(C160,'基础-办公用品信息'!$C:$G,4,0),"") -> 1.2 | K160: =SUMIFS('领用录入（明细）'!K:K,'领用录入（明细）'!E:E,$D$4,'领用录入（明细）'!C:C,">="&$H$4,'领用录入（明细）'!C:C,"<="&$J$4,'领用录入（明细）'!F:F,C160) -> 0
B161: 154 | C161: =IF('基础-办公用品信息'!C156="","-",'基础-办公用品信息'!C156) -> 手套 | E161: =IF('基础-办公用品信息'!D156="","-",'基础-办公用品信息'!D156) -> 双 | G161: =IF('基础-办公用品信息'!E156="","-",'基础-办公用品信息'!E156) -> - | I161: =SUMIFS('领用录入（明细）'!I:I,'领用录入（明细）'!E:E,$D$4,'领用录入（明细）'!C:C,">="&$H$4,'领用录入（明细）'!C:C,"<="&$J$4,'领用录入（明细）'!F:F,C161) -> 0 | J161: =IFERROR(VLOOKUP(C161,'基础-办公用品信息'!$C:$G,4,0),"") -> 0 | K161: =SUMIFS('领用录入（明细）'!K:K,'领用录入（明细）'!E:E,$D$4,'领用录入（明细）'!C:C,">="&$H$4,'领用录入（明细）'!C:C,"<="&$J$4,'领用录入（明细）'!F:F,C161) -> 0
B162: 155 | C162: =IF('基础-办公用品信息'!C157="","-",'基础-办公用品信息'!C157) -> 安全帽 | E162: =IF('基础-办公用品信息'!D157="","-",'基础-办公用品信息'!D157) -> 顶 | G162: =IF('基础-办公用品信息'!E157="","-",'基础-办公用品信息'!E157) -> - | I162: =SUMIFS('领用录入（明细）'!I:I,'领用录入（明细）'!E:E,$D$4,'领用录入（明细）'!C:C,">="&$H$4,'领用录入（明细）'!C:C,"<="&$J$4,'领用录入（明细）'!F:F,C162) -> 0 | J162: =IFERROR(VLOOKUP(C162,'基础-办公用品信息'!$C:$G,4,0),"") -> 0 | K162: =SUMIFS('领用录入（明细）'!K:K,'领用录入（明细）'!E:E,$D$4,'领用录入（明细）'!C:C,">="&$H$4,'领用录入（明细）'!C:C,"<="&$J$4,'领用录入（明细）'!F:F,C162) -> 0
B163: 156 | C163: =IF('基础-办公用品信息'!C158="","-",'基础-办公用品信息'!C158) -> 扫把 | E163: =IF('基础-办公用品信息'!D158="","-",'基础-办公用品信息'!D158) -> 把 | G163: =IF('基础-办公用品信息'!E158="","-",'基础-办公用品信息'!E158) -> - | I163: =SUMIFS('领用录入（明细）'!I:I,'领用录入（明细）'!E:E,$D$4,'领用录入（明细）'!C:C,">="&$H$4,'领用录入（明细）'!C:C,"<="&$J$4,'领用录入（明细）'!F:F,C163) -> 1 | J163: =IFERROR(VLOOKUP(C163,'基础-办公用品信息'!$C:$G,4,0),"") -> 0 | K163: =SUMIFS('领用录入（明细）'!K:K,'领用录入（明细）'!E:E,$D$4,'领用录入（明细）'!C:C,">="&$H$4,'领用录入（明细）'!C:C,"<="&$J$4,'领用录入（明细）'!F:F,C163) -> 0
... B207: 200 | C207: =IF('基础-办公用品信息'!C202="","-",'基础-办公用品信息'!C202) -> 白色圆桶 | E207: =IF('基础-办公用品信息'!D202="","-",'基础-办公用品信息'!D202) -> 个 | G207: =IF('基础-办公用品信息'!E202="","-",'基础-办公用品信息'!E202) -> - | I207: =SUMIFS('领用录入（明细）'!I:I,'领用录入（明细）'!E:E,$D$4,'领用录入（明细）'!C:C,">="&$H$4,'领用录入（明细）'!C:C,"<="&$J$4,'领用录入（明细）'!F:F,C207) -> 0 | J207: =IFERROR(VLOOKUP(C207,'基础-办公用品信息'!$C:$G,4,0),"") -> 0 | K207: =SUMIFS('领用录入（明细）'!K:K,'领用录入（明细）'!E:E,$D$4,'领用录入（明细）'!C:C,">="&$H$4,'领用录入（明细）'!C:C,"<="&$J$4,'领用录入（明细）'!F:F,C207) -> 0
C208: =IF('基础-办公用品信息'!C203="","-",'基础-办公用品信息'!C203) -> 地面刮水器 | E208: =IF('基础-办公用品信息'!D203="","-",'基础-办公用品信息'!D203) -> 个 | G208: =IF('基础-办公用品信息'!E203="","-",'基础-办公用品信息'!E203) -> -
C209: =IF('基础-办公用品信息'!C193="","-",'基础-办公用品信息'!C193) -> 格来德烧水壶 | E209: =IF('基础-办公用品信息'!D204="","-",'基础-办公用品信息'!D204) -> 个 | G209: =IF('基础-办公用品信息'!E204="","-",'基础-办公用品信息'!E204) -> -
C210: =IF('基础-办公用品信息'!C194="","-",'基础-办公用品信息'!C194) -> 304欧式保温壶 | E210: =IF('基础-办公用品信息'!D205="","-",'基础-办公用品信息'!D205) -> 个 | G210: =IF('基础-办公用品信息'!E205="","-",'基础-办公用品信息'!E205) -> -
C211: =IF('基础-办公用品信息'!C195="","-",'基础-办公用品信息'!C195) -> 高压锅橡皮圈 | E211: =IF('基础-办公用品信息'!D206="","-",'基础-办公用品信息'!D206) -> 个 | G211: =IF('基础-办公用品信息'!E206="","-",'基础-办公用品信息'!E206) -> -
C212: =IF('基础-办公用品信息'!C196="","-",'基础-办公用品信息'!C196) -> 高压锅橡皮圈 | E212: =IF('基础-办公用品信息'!D207="","-",'基础-办公用品信息'!D207) -> 个 | G212: =IF('基础-办公用品信息'!E207="","-",'基础-办公用品信息'!E207) -> -
C213: =IF('基础-办公用品信息'!C197="","-",'基础-办公用品信息'!C197) -> 高压锅排气阀 | E213: =IF('基础-办公用品信息'!D208="","-",'基础-办公用品信息'!D208) -> 个 | G213: =IF('基础-办公用品信息'!E208="","-",'基础-办公用品信息'!E208) -> -
C214: =IF('基础-办公用品信息'!C198="","-",'基础-办公用品信息'!C198) -> 不锈钢方形冲孔盘 | E214: =IF('基础-办公用品信息'!D209="","-",'基础-办公用品信息'!D209) -> 个 | G214: =IF('基础-办公用品信息'!E209="","-",'基础-办公用品信息'!E209) -> -
E215: =IF('基础-办公用品信息'!D210="","-",'基础-办公用品信息'!D210) -> 个 | G215: =IF('基础-办公用品信息'!E210="","-",'基础-办公用品信息'!E210) -> -
E216: =IF('基础-办公用品信息'!D211="","-",'基础-办公用品信息'!D211) -> 个 | G216: =IF('基础-办公用品信息'!E211="","-",'基础-办公用品信息'!E211) -> -
G217: =IF('基础-办公用品信息'!E212="","-",'基础-办公用品信息'!E212) -> -
G218: =IF('基础-办公用品信息'!E213="","-",'基础-办公用品信息'!E213) -> -
G219: =IF('基础-办公用品信息'!E214="","-",'基础-办公用品信息'!E214) -> -
G220: =IF('基础-办公用品信息'!E215="","-",'基础-办公用品信息'!E215) -> -
G221: =IF('基础-办公用品信息'!E216="","-",'基础-办公用品信息'!E216) -> -
G222: =IF('基础-办公用品信息'!E217="","-",'基础-办公用品信息'!E217) -> -
G223: =IF('基础-办公用品信息'!E218="","-",'基础-办公用品信息'!E218) -> -
G224: =IF('基础-办公用品信息'!E219="","-",'基础-办公用品信息'!E219) -> -
G225: =IF('基础-办公用品信息'!E220="","-",'基础-办公用品信息'!E220) -> -
G226: =IF('基础-办公用品信息'!E221="","-",'基础-办公用品信息'!E221) -> -
G227: =IF('基础-办公用品信息'!E222="","-",'基础-办公用品信息'!E222) -> -

Sheet 个人领取明细
B2: 辅助列 | D2: 个人领取明细 | N2: 领取数量 | O2: 领取金额
B3: =IF(AND('领用录入（明细）'!D:D=$F$4,'领用录入（明细）'!C:C>=$J$4,'领用录入（明细）'!C:C<=$L$4),ROW(),"-") -> - | N3: =SUM(K8:K1000) -> 35 | O3: =SUM(M8:M1000) -> 83.3
B4: =IF(AND('领用录入（明细）'!D:D=$F$4,'领用录入（明细）'!C:C>=$J$4,'领用录入（明细）'!C:C<=$L$4),ROW(),"-") -> - | D4: 指定查询的领取人： | F4: 余慧娟 | H4: 输入领取的起止日期： | J4: 43466 | K4: 至 | L4: 45291
B5: =IF(AND('领用录入（明细）'!D:D=$F$4,'领用录入（明细）'!C:C>=$J$4,'领用录入（明细）'!C:C<=$L$4),ROW(),"-") -> -
B6: =IF(AND('领用录入（明细）'!D:D=$F$4,'领用录入（明细）'!C:C>=$J$4,'领用录入（明细）'!C:C<=$L$4),ROW(),"-") -> - | D6: ="在设定的时间段内查询到 ["&F4&"] 的记录共"&COUNT(D7:D507)&"条；合计数量为"&SUM(K8:K507)&"件" -> 在设定的时间段内查询到 [余慧娟] 的记录共16条；合计数量为35件
B7: =IF(AND('领用录入（明细）'!D:D=$F$4,'领用录入（明细）'!C:C>=$J$4,'领用录入（明细）'!C:C<=$L$4),ROW(),"-") -> - | D7: NO: | E7: 日期 | F7: 领用人 | G7: 所属部门 | H7: 办公用品名称 | I7: 单位 | J7: 型号 | K7: 数量 | L7: 单价 | M7: 金额
B8: =IF(AND('领用录入（明细）'!D:D=$F$4,'领用录入（明细）'!C:C>=$J$4,'领用录入（明细）'!C:C<=$L$4),ROW(),"-") -> - | D8: =IFERROR(INDEX('领用录入（明细）'!$B:$L,SMALL($B:$B,ROW(B1)),MATCH(D$7,$D$7:$L$7,0)),"") -> 14 | E8: =IFERROR(INDEX('领用录入（明细）'!$B:$L,SMALL($B:$B,ROW(C1)),MATCH(E$7,$D$7:$L$7,0)),"") -> 44858 | F8: =IFERROR(INDEX('领用录入（明细）'!$B:$N,SMALL($B:$B,ROW(D1)),MATCH(F$7,$D$7:$L$7,0)),"") -> 余慧娟 | G8: =IFERROR(INDEX('领用录入（明细）'!$B:$N,SMALL($B:$B,ROW(E1)),MATCH(G$7,$D$7:$L$7,0)),"") -> 综合办 | H8: =IFERROR(INDEX('领用录入（明细）'!$B:$N,SMALL($B:$B,ROW(F1)),MATCH(H$7,$D$7:$L$7,0)),"") -> 蓝色口罩 | I8: =IFERROR(INDEX('领用录入（明细）'!$B:$N,SMALL($B:$B,ROW(G1)),MATCH(I$7,$D$7:$L$7,0)),"") -> 包 | J8: =IFERROR(INDEX('领用录入（明细）'!$B:$N,SMALL($B:$B,ROW(H1)),MATCH(J$7,$D$7:$L$7,0)),"") -> 0 | K8: =IFERROR(INDEX('领用录入（明细）'!$B:$N,SMALL($B:$B,ROW(I1)),MATCH(K$7,$D$7:$L$7,0)),"") -> 5 | L8: =IFERROR(INDEX('领用录入（明细）'!$B:$N,SMALL($B:$B,ROW(J1)),MATCH(L$7,$D$7:$L$7,0)),"") -> 0.3 | M8: =IFERROR(K8*L8,"") -> 1.5
B9: =IF(AND('领用录入（明细）'!D:D=$F$4,'领用录入（明细）'!C:C>=$J$4,'领用录入（明细）'!C:C<=$L$4),ROW(),"-") -> - | D9: =IFERROR(INDEX('领用录入（明细）'!$B:$L,SMALL($B:$B,ROW(B2)),MATCH(D$7,$D$7:$L$7,0)),"") -> 15 | E9: =IFERROR(INDEX('领用录入（明细）'!$B:$L,SMALL($B:$B,ROW(C2)),MATCH(E$7,$D$7:$L$7,0)),"") -> 44858 | F9: =IFERROR(INDEX('领用录入（明细）'!$B:$L,SMALL($B:$B,ROW(D2)),MATCH(F$7,$D$7:$L$7,0)),"") -> 余慧娟 | G9: =IFERROR(INDEX('领用录入（明细）'!$B:$L,SMALL($B:$B,ROW(E2)),MATCH(G$7,$D$7:$L$7,0)),"") -> 综合办 | H9: =IFERROR(INDEX('领用录入（明细）'!$B:$L,SMALL($B:$B,ROW(F2)),MATCH(H$7,$D$7:$L$7,0)),"") -> 封箱胶带 | I9: =IFERROR(INDEX('领用录入（明细）'!$B:$L,SMALL($B:$B,ROW(G2)),MATCH(I$7,$D$7:$L$7,0)),"") -> 筒 | J9: =IFERROR(INDEX('领用录入（明细）'!$B:$L,SMALL($B:$B,ROW(H2)),MATCH(J$7,$D$7:$L$7,0)),"") -> 0 | K9: =IFERROR(INDEX('领用录入（明细）'!$B:$L,SMALL($B:$B,ROW(I2)),MATCH(K$7,$D$7:$L$7,0)),"") -> 1 | L9: =IFERROR(INDEX('领用录入（明细）'!$B:$L,SMALL($B:$B,ROW(J2)),MATCH(L$7,$D$7:$L$7,0)),"") -> 7 | M9: =IFERROR(K9*L9,"") -> 7
B10: =IF(AND('领用录入（明细）'!D:D=$F$4,'领用录入（明细）'!C:C>=$J$4,'领用录入（明细）'!C:C<=$L$4),ROW(),"-") -> - | D10: =IFERROR(INDEX('领用录入（明细）'!$B:$L,SMALL($B:$B,ROW(B3)),MATCH(D$7,$D$7:$L$7,0)),"") -> 16 | E10: =IFERROR(INDEX('领用录入（明细）'!$B:$L,SMALL($B:$B,ROW(C3)),MATCH(E$7,$D$7:$L$7,0)),"") -> 44858 | F10: =IFERROR(INDEX('领用录入（明细）'!$B:$L,SMALL($B:$B,ROW(D3)),MATCH(F$7,$D$7:$L$7,0)),"") -> 余慧娟 | G10: =IFERROR(INDEX('领用录入（明细）'!$B:$L,SMALL($B:$B,ROW(E3)),MATCH(G$7,$D$7:$L$7,0)),"") -> 综合办 | H10: =IFERROR(INDEX('领用录入（明细）'!$B:$L,SMALL($B:$B,ROW(F3)),MATCH(H$7,$D$7:$L$7,0)),"") -> 地毯胶 | I10: =IFERROR(INDEX('领用录入（明细）'!$B:$L,SMALL($B:$B,ROW(G3)),MATCH(I$7,$D$7:$L$7,0)),"") -> 个 | J10: =IFERROR(INDEX('领用录入（明细）'!$B:$L,SMALL($B:$B,ROW(H3)),MATCH(J$7,$D$7:$L$7,0)),"") -> 0 | K10: =IFERROR(INDEX('领用录入（明细）'!$B:$L,SMALL($B:$B,ROW(I3)),MATCH(K$7,$D$7:$L$7,0)),"") -> 1 | L10: =IFERROR(INDEX('领用录入（明细）'!$B:$L,SMALL($B:$B,ROW(J3)),MATCH(L$7,$D$7:$L$7,0)),"") -> 0 | M10: =IFERROR(K10*L10,"") -> 0
B11: =IF(AND('领用录入（明细）'!D:D=$F$4,'领用录入（明细）'!C:C>=$J$4,'领用录入（明细）'!C:C<=$L$4),ROW(),"-") -> - | D11: =IFERROR(INDEX('领用录入（明细）'!$B:$L,SMALL($B:$B,ROW(B4)),MATCH(D$7,$D$7:$L$7,0)),"") -> 100 | E11: =IFERROR(INDEX('领用录入（明细）'!$B:$L,SMALL($B:$B,ROW(C4)),MATCH(E$7,$D$7:$L$7,0)),"") -> 44895 | F11: =IFERROR(INDEX('领用录入（明细）'!$B:$L,SMALL($B:$B,ROW(D4)),MATCH(F$7,$D$7:$L$7,0)),"") -> 余慧娟 | G11: =IFERROR(INDEX('领用录入（明细）'!$B:$L,SMALL($B:$B,ROW(E4)),MATCH(G$7,$D$7:$L$7,0)),"") -> 综合办 | H11: =IFERROR(INDEX('领用录入（明细）'!$B:$L,SMALL($B:$B,ROW(F4)),MATCH(H$7,$D$7:$L$7,0)),"") -> 电池双鹿7号 | I11: =IFERROR(INDEX('领用录入（明细）'!$B:$L,SMALL($B:$B,ROW(G4)),MATCH(I$7,$D$7:$L$7,0)),"") -> 节 | J11: =IFERROR(INDEX('领用录入（明细）'!$B:$L,SMALL($B:$B,ROW(H4)),MATCH(J$7,$D$7:$L$7,0)),"") -> 0 | K11: =IFERROR(INDEX('领用录入（明细）'!$B:$L,SMALL($B:$B,ROW(I4)),MATCH(K$7,$D$7:$L$7,0)),"") -> 3 | L11: =IFERROR(INDEX('领用录入（明细）'!$B:$L,SMALL($B:$B,ROW(J4)),MATCH(L$7,$D$7:$L$7,0)),"") -> 0 | M11: =IFERROR(K11*L11,"") -> 0
B12: =IF(AND('领用录入（明细）'!D:D=$F$4,'领用录入（明细）'!C:C>=$J$4,'领用录入（明细）'!C:C<=$L$4),ROW(),"-") -> - | D12: =IFERROR(INDEX('领用录入（明细）'!$B:$L,SMALL($B:$B,ROW(B5)),MATCH(D$7,$D$7:$L$7,0)),"") -> 131 | E12: =IFERROR(INDEX('领用录入（明细）'!$B:$L,SMALL($B:$B,ROW(C5)),MATCH(E$7,$D$7:$L$7,0)),"") -> 44909 | F12: =IFERROR(INDEX('领用录入（明细）'!$B:$L,SMALL($B:$B,ROW(D5)),MATCH(F$7,$D$7:$L$7,0)),"") -> 余慧娟 | G12: =IFERROR(INDEX('领用录入（明细）'!$B:$L,SMALL($B:$B,ROW(E5)),MATCH(G$7,$D$7:$L$7,0)),"") -> 综合办 | H12: =IFERROR(INDEX('领用录入（明细）'!$B:$L,SMALL($B:$B,ROW(F5)),MATCH(H$7,$D$7:$L$7,0)),"") -> 电池南孚5号 | I12: =IFERROR(INDEX('领用录入（明细）'!$B:$L,SMALL($B:$B,ROW(G5)),MATCH(I$7,$D$7:$L$7,0)),"") -> 节 | J12: =IFERROR(INDEX('领用录入（明细）'!$B:$L,SMALL($B:$B,ROW(H5)),MATCH(J$7,$D$7:$L$7,0)),"") -> 0 | K12: =IFERROR(INDEX('领用录入（明细）'!$B:$L,SMALL($B:$B,ROW(I5)),MATCH(K$7,$D$7:$L$7,0)),"") -> 10 | L12: =IFERROR(INDEX('领用录入（明细）'!$B:$L,SMALL($B:$B,ROW(J5)),MATCH(L$7,$D$7:$L$7,0)),"") -> 2.1 | M12: =IFERROR(K12*L12,"") -> 21
B13: =IF(AND('领用录入（明细）'!D:D=$F$4,'领用录入（明细）'!C:C>=$J$4,'领用录入（明细）'!C:C<=$L$4),ROW(),"-") -> - | D13: =IFERROR(INDEX('领用录入（明细）'!$B:$L,SMALL($B:$B,ROW(B7)),MATCH(D$7,$D$7:$L$7,0)),"") -> 148 | E13: =IFERROR(INDEX('领用录入（明细）'!$B:$L,SMALL($B:$B,ROW(C7)),MATCH(E$7,$D$7:$L$7,0)),"") -> 44922 | F13: =IFERROR(INDEX('领用录入（明细）'!$B:$L,SMALL($B:$B,ROW(D7)),MATCH(F$7,$D$7:$L$7,0)),"") -> 余慧娟 | G13: =IFERROR(INDEX('领用录入（明细）'!$B:$L,SMALL($B:$B,ROW(E7)),MATCH(G$7,$D$7:$L$7,0)),"") -> 综合办 | H13: =IFERROR(INDEX('领用录入（明细）'!$B:$L,SMALL($B:$B,ROW(F7)),MATCH(H$7,$D$7:$L$7,0)),"") -> 用款申请单 | I13: =IFERROR(INDEX('领用录入（明细）'!$B:$L,SMALL($B:$B,ROW(G7)),MATCH(I$7,$D$7:$L$7,0)),"") -> 本 | J13: =IFERROR(INDEX('领用录入（明细）'!$B:$L,SMALL($B:$B,ROW(H7)),MATCH(J$7,$D$7:$L$7,0)),"") -> 0 | K13: =IFERROR(INDEX('领用录入（明细）'!$B:$L,SMALL($B:$B,ROW(I7)),MATCH(K$7,$D$7:$L$7,0)),"") -> 1 | L13: =IFERROR(INDEX('领用录入（明细）'!$B:$L,SMALL($B:$B,ROW(J7)),MATCH(L$7,$D$7:$L$7,0)),"") -> 0 | M13: =IFERROR(K13*L13,"") -> 0
B14: =IF(AND('领用录入（明细）'!D:D=$F$4,'领用录入（明细）'!C:C>=$J$4,'领用录入（明细）'!C:C<=$L$4),ROW(),"-") -> - | D14: =IFERROR(INDEX('领用录入（明细）'!$B:$L,SMALL($B:$B,ROW(B8)),MATCH(D$7,$D$7:$L$7,0)),"") -> 149 | E14: =IFERROR(INDEX('领用录入（明细）'!$B:$L,SMALL($B:$B,ROW(C8)),MATCH(E$7,$D$7:$L$7,0)),"") -> 44922 | F14: =IFERROR(INDEX('领用录入（明细）'!$B:$L,SMALL($B:$B,ROW(D8)),MATCH(F$7,$D$7:$L$7,0)),"") -> 余慧娟 | G14: =IFERROR(INDEX('领用录入（明细）'!$B:$L,SMALL($B:$B,ROW(E8)),MATCH(G$7,$D$7:$L$7,0)),"") -> 综合办 | H14: =IFERROR(INDEX('领用录入（明细）'!$B:$L,SMALL($B:$B,ROW(F8)),MATCH(H$7,$D$7:$L$7,0)),"") -> 水笔红色 | I14: =IFERROR(INDEX('领用录入（明细）'!$B:$L,SMALL($B:$B,ROW(G8)),MATCH(I$7,$D$7:$L$7,0)),"") -> 支 | J14: =IFERROR(INDEX('领用录入（明细）'!$B:$L,SMALL($B:$B,ROW(H8)),MATCH(J$7,$D$7:$L$7,0)),"") -> 0 | K14: =IFERROR(INDEX('领用录入（明细）'!$B:$L,SMALL($B:$B,ROW(I8)),MATCH(K$7,$D$7:$L$7,0)),"") -> 2 | L14: =IFERROR(INDEX('领用录入（明细）'!$B:$L,SMALL($B:$B,ROW(J8)),MATCH(L$7,$D$7:$L$7,0)),"") -> 1.3 | M14: =IFERROR(K14*L14,"") -> 2.6
B15: =IF(AND('领用录入（明细）'!D:D=$F$4,'领用录入（明细）'!C:C>=$J$4,'领用录入（明细）'!C:C<=$L$4),ROW(),"-") -> - | D15: =IFERROR(INDEX('领用录入（明细）'!$B:$L,SMALL($B:$B,ROW(B9)),MATCH(D$7,$D$7:$L$7,0)),"") -> 174 | E15: =IFERROR(INDEX('领用录入（明细）'!$B:$L,SMALL($B:$B,ROW(C9)),MATCH(E$7,$D$7:$L$7,0)),"") -> 44930 | F15: =IFERROR(INDEX('领用录入（明细）'!$B:$L,SMALL($B:$B,ROW(D9)),MATCH(F$7,$D$7:$L$7,0)),"") -> 余慧娟 | G15: =IFERROR(INDEX('领用录入（明细）'!$B:$L,SMALL($B:$B,ROW(E9)),MATCH(G$7,$D$7:$L$7,0)),"") -> 综合办 | H15: =IFERROR(INDEX('领用录入（明细）'!$B:$L,SMALL($B:$B,ROW(F9)),MATCH(H$7,$D$7:$L$7,0)),"") -> 有线鼠标 | I15: =IFERROR(INDEX('领用录入（明细）'!$B:$L,SMALL($B:$B,ROW(G9)),MATCH(I$7,$D$7:$L$7,0)),"") -> 个 | J15: =IFERROR(INDEX('领用录入（明细）'!$B:$L,SMALL($B:$B,ROW(H9)),MATCH(J$7,$D$7:$L$7,0)),"") -> 0 | K15: =IFERROR(INDEX('领用录入（明细）'!$B:$L,SMALL($B:$B,ROW(I9)),MATCH(K$7,$D$7:$L$7,0)),"") -> 1 | L15: =IFERROR(INDEX('领用录入（明细）'!$B:$L,SMALL($B:$B,ROW(J9)),MATCH(L$7,$D$7:$L$7,0)),"") -> 30 | M15: =IFERROR(K15*L15,"") -> 30
B16: =IF(AND('领用录入（明细）'!D:D=$F$4,'领用录入（明细）'!C:C>=$J$4,'领用录入（明细）'!C:C<=$L$4),ROW(),"-") -> - | D16: =IFERROR(INDEX('领用录入（明细）'!$B:$L,SMALL($B:$B,ROW(B10)),MATCH(D$7,$D$7:$L$7,0)),"") -> 226 | E16: =IFERROR(INDEX('领用录入（明细）'!$B:$L,SMALL($B:$B,ROW(C10)),MATCH(E$7,$D$7:$L$7,0)),"") -> 44959 | F16: =IFERROR(INDEX('领用录入（明细）'!$B:$L,SMALL($B:$B,ROW(D10)),MATCH(F$7,$D$7:$L$7,0)),"") -> 余慧娟 | G16: =IFERROR(INDEX('领用录入（明细）'!$B:$L,SMALL($B:$B,ROW(E10)),MATCH(G$7,$D$7:$L$7,0)),"") -> 综合办 | H16: =IFERROR(INDEX('领用录入（明细）'!$B:$L,SMALL($B:$B,ROW(F10)),MATCH(H$7,$D$7:$L$7,0)),"") -> 抽纸盒 | I16: =IFERROR(INDEX('领用录入（明细）'!$B:$L,SMALL($B:$B,ROW(G10)),MATCH(I$7,$D$7:$L$7,0)),"") -> 盒 | J16: =IFERROR(INDEX('领用录入（明细）'!$B:$L,SMALL($B:$B,ROW(H10)),MATCH(J$7,$D$7:$L$7,0)),"") -> 0 | K16: =IFERROR(INDEX('领用录入（明细）'!$B:$L,SMALL($B:$B,ROW(I10)),MATCH(K$7,$D$7:$L$7,0)),"") -> 4 | L16: =IFERROR(INDEX('领用录入（明细）'!$B:$L,SMALL($B:$B,ROW(J10)),MATCH(L$7,$D$7:$L$7,0)),"") -> 5.3 | M16: =IFERROR(K16*L16,"") -> 21.2
B17: =IF(AND('领用录入（明细）'!D:D=$F$4,'领用录入（明细）'!C:C>=$J$4,'领用录入（明细）'!C:C<=$L$4),ROW(),"-") -> 17 | D17: =IFERROR(INDEX('领用录入（明细）'!$B:$L,SMALL($B:$B,ROW(B11)),MATCH(D$7,$D$7:$L$7,0)),"") -> 340 | E17: =IFERROR(INDEX('领用录入（明细）'!$B:$L,SMALL($B:$B,ROW(C11)),MATCH(E$7,$D$7:$L$7,0)),"") -> 44977 | F17: =IFERROR(INDEX('领用录入（明细）'!$B:$L,SMALL($B:$B,ROW(D11)),MATCH(F$7,$D$7:$L$7,0)),"") -> 余慧娟 | G17: =IFERROR(INDEX('领用录入（明细）'!$B:$L,SMALL($B:$B,ROW(E11)),MATCH(G$7,$D$7:$L$7,0)),"") -> 综合办 | H17: =IFERROR(INDEX('领用录入（明细）'!$B:$L,SMALL($B:$B,ROW(F11)),MATCH(H$7,$D$7:$L$7,0)),"") -> 挂式纸盒 | I17: =IFERROR(INDEX('领用录入（明细）'!$B:$L,SMALL($B:$B,ROW(G11)),MATCH(I$7,$D$7:$L$7,0)),"") -> 台 | J17: =IFERROR(INDEX('领用录入（明细）'!$B:$L,SMALL($B:$B,ROW(H11)),MATCH(J$7,$D$7:$L$7,0)),"") -> 0 | K17: =IFERROR(INDEX('领用录入（明细）'!$B:$L,SMALL($B:$B,ROW(I11)),MATCH(K$7,$D$7:$L$7,0)),"") -> 1 | L17: =IFERROR(INDEX('领用录入（明细）'!$B:$L,SMALL($B:$B,ROW(J11)),MATCH(L$7,$D$7:$L$7,0)),"") -> 0 | M17: =IFERROR(K17*L17,"") -> 0
B18: =IF(AND('领用录入（明细）'!D:D=$F$4,'领用录入（明细）'!C:C>=$J$4,'领用录入（明细）'!C:C<=$L$4),ROW(),"-") -> 18 | D18: =IFERROR(INDEX('领用录入（明细）'!$B:$L,SMALL($B:$B,ROW(B12)),MATCH(D$7,$D$7:$L$7,0)),"") -> 341 | E18: =IFERROR(INDEX('领用录入（明细）'!$B:$L,SMALL($B:$B,ROW(C12)),MATCH(E$7,$D$7:$L$7,0)),"") -> 44977 | F18: =IFERROR(INDEX('领用录入（明细）'!$B:$L,SMALL($B:$B,ROW(D12)),MATCH(F$7,$D$7:$L$7,0)),"") -> 余慧娟 | G18: =IFERROR(INDEX('领用录入（明细）'!$B:$L,SMALL($B:$B,ROW(E12)),MATCH(G$7,$D$7:$L$7,0)),"") -> 综合办 | H18: =IFERROR(INDEX('领用录入（明细）'!$B:$L,SMALL($B:$B,ROW(F12)),MATCH(H$7,$D$7:$L$7,0)),"") -> 挂式纸盒挂钩 | I18: =IFERROR(INDEX('领用录入（明细）'!$B:$L,SMALL($B:$B,ROW(G12)),MATCH(I$7,$D$7:$L$7,0)),"") -> 根 | J18: =IFERROR(INDEX('领用录入（明细）'!$B:$L,SMALL($B:$B,ROW(H12)),MATCH(J$7,$D$7:$L$7,0)),"") -> 0 | K18: =IFERROR(INDEX('领用录入（明细）'!$B:$L,SMALL($B:$B,ROW(I12)),MATCH(K$7,$D$7:$L$7,0)),"") -> 1 | L18: =IFERROR(INDEX('领用录入（明细）'!$B:$L,SMALL($B:$B,ROW(J12)),MATCH(L$7,$D$7:$L$7,0)),"") -> 0 | M18: =IFERROR(K18*L18,"") -> 0
B19: =IF(AND('领用录入（明细）'!D:D=$F$4,'领用录入（明细）'!C:C>=$J$4,'领用录入（明细）'!C:C<=$L$4),ROW(),"-") -> 19 | D19: =IFERROR(INDEX('领用录入（明细）'!$B:$L,SMALL($B:$B,ROW(B13)),MATCH(D$7,$D$7:$L$7,0)),"") -> 342 | E19: =IFERROR(INDEX('领用录入（明细）'!$B:$L,SMALL($B:$B,ROW(C13)),MATCH(E$7,$D$7:$L$7,0)),"") -> 44977 | F19: =IFERROR(INDEX('领用录入（明细）'!$B:$L,SMALL($B:$B,ROW(D13)),MATCH(F$7,$D$7:$L$7,0)),"") -> 余慧娟 | G19: =IFERROR(INDEX('领用录入（明细）'!$B:$L,SMALL($B:$B,ROW(E13)),MATCH(G$7,$D$7:$L$7,0)),"") -> 综合办 | H19: =IFERROR(INDEX('领用录入（明细）'!$B:$L,SMALL($B:$B,ROW(F13)),MATCH(H$7,$D$7:$L$7,0)),"") -> 纳米海绵 | I19: =IFERROR(INDEX('领用录入（明细）'!$B:$L,SMALL($B:$B,ROW(G13)),MATCH(I$7,$D$7:$L$7,0)),"") -> 个 | J19: =IFERROR(INDEX('领用录入（明细）'!$B:$L,SMALL($B:$B,ROW(H13)),MATCH(J$7,$D$7:$L$7,0)),"") -> 0 | K19: =IFERROR(INDEX('领用录入（明细）'!$B:$L,SMALL($B:$B,ROW(I13)),MATCH(K$7,$D$7:$L$7,0)),"") -> 1 | L19: =IFERROR(INDEX('领用录入（明细）'!$B:$L,SMALL($B:$B,ROW(J13)),MATCH(L$7,$D$7:$L$7,0)),"") -> 0 | M19: =IFERROR(K19*L19,"") -> 0
B20: =IF(AND('领用录入（明细）'!D:D=$F$4,'领用录入（明细）'!C:C>=$J$4,'领用录入（明细）'!C:C<=$L$4),ROW(),"-") -> - | D20: =IFERROR(INDEX('领用录入（明细）'!$B:$L,SMALL($B:$B,ROW(B14)),MATCH(D$7,$D$7:$L$7,0)),"") -> 343 | E20: =IFERROR(INDEX('领用录入（明细）'!$B:$L,SMALL($B:$B,ROW(C14)),MATCH(E$7,$D$7:$L$7,0)),"") -> 44977 | F20: =IFERROR(INDEX('领用录入（明细）'!$B:$L,SMALL($B:$B,ROW(D14)),MATCH(F$7,$D$7:$L$7,0)),"") -> 余慧娟 | G20: =IFERROR(INDEX('领用录入（明细）'!$B:$L,SMALL($B:$B,ROW(E14)),MATCH(G$7,$D$7:$L$7,0)),"") -> 综合办 | H20: =IFERROR(INDEX('领用录入（明细）'!$B:$L,SMALL($B:$B,ROW(F14)),MATCH(H$7,$D$7:$L$7,0)),"") -> 304不锈钢饭勺 | I20: =IFERROR(INDEX('领用录入（明细）'!$B:$L,SMALL($B:$B,ROW(G14)),MATCH(I$7,$D$7:$L$7,0)),"") -> 个 | J20: =IFERROR(INDEX('领用录入（明细）'!$B:$L,SMALL($B:$B,ROW(H14)),MATCH(J$7,$D$7:$L$7,0)),"") -> 0 | K20: =IFERROR(INDEX('领用录入（明细）'!$B:$L,SMALL($B:$B,ROW(I14)),MATCH(K$7,$D$7:$L$7,0)),"") -> 1 | L20: =IFERROR(INDEX('领用录入（明细）'!$B:$L,SMALL($B:$B,ROW(J14)),MATCH(L$7,$D$7:$L$7,0)),"") -> 0 | M20: =IFERROR(K20*L20,"") -> 0
B21: =IF(AND('领用录入（明细）'!D:D=$F$4,'领用录入（明细）'!C:C>=$J$4,'领用录入（明细）'!C:C<=$L$4),ROW(),"-") -> - | D21: =IFERROR(INDEX('领用录入（明细）'!$B:$L,SMALL($B:$B,ROW(B15)),MATCH(D$7,$D$7:$L$7,0)),"") -> 344 | E21: =IFERROR(INDEX('领用录入（明细）'!$B:$L,SMALL($B:$B,ROW(C15)),MATCH(E$7,$D$7:$L$7,0)),"") -> 44977 | F21: =IFERROR(INDEX('领用录入（明细）'!$B:$L,SMALL($B:$B,ROW(D15)),MATCH(F$7,$D$7:$L$7,0)),"") -> 余慧娟 | G21: =IFERROR(INDEX('领用录入（明细）'!$B:$L,SMALL($B:$B,ROW(E15)),MATCH(G$7,$D$7:$L$7,0)),"") -> 综合办 | H21: =IFERROR(INDEX('领用录入（明细）'!$B:$L,SMALL($B:$B,ROW(F15)),MATCH(H$7,$D$7:$L$7,0)),"") -> 抹布 | I21: =IFERROR(INDEX('领用录入（明细）'!$B:$L,SMALL($B:$B,ROW(G15)),MATCH(I$7,$D$7:$L$7,0)),"") -> 瓶 | J21: =IFERROR(INDEX('领用录入（明细）'!$B:$L,SMALL($B:$B,ROW(H15)),MATCH(J$7,$D$7:$L$7,0)),"") -> 0 | K21: =IFERROR(INDEX('领用录入（明细）'!$B:$L,SMALL($B:$B,ROW(I15)),MATCH(K$7,$D$7:$L$7,0)),"") -> 1 | L21: =IFERROR(INDEX('领用录入（明细）'!$B:$L,SMALL($B:$B,ROW(J15)),MATCH(L$7,$D$7:$L$7,0)),"") -> 0 | M21: =IFERROR(K21*L21,"") -> 0
B22: =IF(AND('领用录入（明细）'!D:D=$F$4,'领用录入（明细）'!C:C>=$J$4,'领用录入（明细）'!C:C<=$L$4),ROW(),"-") -> - | D22: =IFERROR(INDEX('领用录入（明细）'!$B:$L,SMALL($B:$B,ROW(B16)),MATCH(D$7,$D$7:$L$7,0)),"") -> 345 | E22: =IFERROR(INDEX('领用录入（明细）'!$B:$L,SMALL($B:$B,ROW(C16)),MATCH(E$7,$D$7:$L$7,0)),"") -> 44977 | F22: =IFERROR(INDEX('领用录入（明细）'!$B:$L,SMALL($B:$B,ROW(D16)),MATCH(F$7,$D$7:$L$7,0)),"") -> 余慧娟 | G22: =IFERROR(INDEX('领用录入（明细）'!$B:$L,SMALL($B:$B,ROW(E16)),MATCH(G$7,$D$7:$L$7,0)),"") -> 综合办 | H22: =IFERROR(INDEX('领用录入（明细）'!$B:$L,SMALL($B:$B,ROW(F16)),MATCH(H$7,$D$7:$L$7,0)),"") -> 久丽洗碗布 | I22: =IFERROR(INDEX('领用录入（明细）'!$B:$L,SMALL($B:$B,ROW(G16)),MATCH(I$7,$D$7:$L$7,0)),"") -> 把 | J22: =IFERROR(INDEX('领用录入（明细）'!$B:$L,SMALL($B:$B,ROW(H16)),MATCH(J$7,$D$7:$L$7,0)),"") -> 0 | K22: =IFERROR(INDEX('领用录入（明细）'!$B:$L,SMALL($B:$B,ROW(I16)),MATCH(K$7,$D$7:$L$7,0)),"") -> 1 | L22: =IFERROR(INDEX('领用录入（明细）'!$B:$L,SMALL($B:$B,ROW(J16)),MATCH(L$7,$D$7:$L$7,0)),"") -> 0 | M22: =IFERROR(K22*L22,"") -> 0
B23: =IF(AND('领用录入（明细）'!D:D=$F$4,'领用录入（明细）'!C:C>=$J$4,'领用录入（明细）'!C:C<=$L$4),ROW(),"-") -> - | D23: =IFERROR(INDEX('领用录入（明细）'!$B:$L,SMALL($B:$B,ROW(B17)),MATCH(D$7,$D$7:$L$7,0)),"") -> 346 | E23: =IFERROR(INDEX('领用录入（明细）'!$B:$L,SMALL($B:$B,ROW(C17)),MATCH(E$7,$D$7:$L$7,0)),"") -> 44977 | F23: =IFERROR(INDEX('领用录入（明细）'!$B:$L,SMALL($B:$B,ROW(D17)),MATCH(F$7,$D$7:$L$7,0)),"") -> 余慧娟 | G23: =IFERROR(INDEX('领用录入（明细）'!$B:$L,SMALL($B:$B,ROW(E17)),MATCH(G$7,$D$7:$L$7,0)),"") -> 综合办 | H23: =IFERROR(INDEX('领用录入（明细）'!$B:$L,SMALL($B:$B,ROW(F17)),MATCH(H$7,$D$7:$L$7,0)),"") -> 三角拖把 | I23: =IFERROR(INDEX('领用录入（明细）'!$B:$L,SMALL($B:$B,ROW(G17)),MATCH(I$7,$D$7:$L$7,0)),"") -> 把 | J23: =IFERROR(INDEX('领用录入（明细）'!$B:$L,SMALL($B:$B,ROW(H17)),MATCH(J$7,$D$7:$L$7,0)),"") -> 0 | K23: =IFERROR(INDEX('领用录入（明细）'!$B:$L,SMALL($B:$B,ROW(I17)),MATCH(K$7,$D$7:$L$7,0)),"") -> 1 | L23: =IFERROR(INDEX('领用录入（明细）'!$B:$L,SMALL($B:$B,ROW(J17)),MATCH(L$7,$D$7:$L$7,0)),"") -> 0 | M23: =IFERROR(K23*L23,"") -> 0
B24: =IF(AND('领用录入（明细）'!D:D=$F$4,'领用录入（明细）'!C:C>=$J$4,'领用录入（明细）'!C:C<=$L$4),ROW(),"-") -> - | D24: =IFERROR(INDEX('领用录入（明细）'!$B:$L,SMALL($B:$B,ROW(B18)),MATCH(D$7,$D$7:$L$7,0)),"") | E24: =IFERROR(INDEX('领用录入（明细）'!$B:$L,SMALL($B:$B,ROW(C18)),MATCH(E$7,$D$7:$L$7,0)),"") | F24: =IFERROR(INDEX('领用录入（明细）'!$B:$L,SMALL($B:$B,ROW(D18)),MATCH(F$7,$D$7:$L$7,0)),"") | G24: =IFERROR(INDEX('领用录入（明细）'!$B:$L,SMALL($B:$B,ROW(E18)),MATCH(G$7,$D$7:$L$7,0)),"") | H24: =IFERROR(INDEX('领用录入（明细）'!$B:$L,SMALL($B:$B,ROW(F18)),MATCH(H$7,$D$7:$L$7,0)),"") | I24: =IFERROR(INDEX('领用录入（明细）'!$B:$L,SMALL($B:$B,ROW(G18)),MATCH(I$7,$D$7:$L$7,0)),"") | J24: =IFERROR(INDEX('领用录入（明细）'!$B:$L,SMALL($B:$B,ROW(H18)),MATCH(J$7,$D$7:$L$7,0)),"") | K24: =IFERROR(INDEX('领用录入（明细）'!$B:$L,SMALL($B:$B,ROW(I18)),MATCH(K$7,$D$7:$L$7,0)),"") | L24: =IFERROR(INDEX('领用录入（明细）'!$B:$L,SMALL($B:$B,ROW(J18)),MATCH(L$7,$D$7:$L$7,0)),"") | M24: =IFERROR(K24*L24,"")
... B507: =IF(AND('领用录入（明细）'!D:D=$F$4,'领用录入（明细）'!C:C>=$J$4,'领用录入（明细）'!C:C<=$L$4),ROW(),"-") -> - | D507: =IFERROR(INDEX('领用录入（明细）'!$B:$L,SMALL($B:$B,ROW(B501)),MATCH(D$7,$D$7:$L$7,0)),"") | E507: =IFERROR(INDEX('领用录入（明细）'!$B:$L,SMALL($B:$B,ROW(C501)),MATCH(E$7,$D$7:$L$7,0)),"") | F507: =IFERROR(INDEX('领用录入（明细）'!$B:$L,SMALL($B:$B,ROW(D501)),MATCH(F$7,$D$7:$L$7,0)),"") | G507: =IFERROR(INDEX('领用录入（明细）'!$B:$L,SMALL($B:$B,ROW(E501)),MATCH(G$7,$D$7:$L$7,0)),"") | H507: =IFERROR(INDEX('领用录入（明细）'!$B:$L,SMALL($B:$B,ROW(F501)),MATCH(H$7,$D$7:$L$7,0)),"") | I507: =IFERROR(INDEX('领用录入（明细）'!$B:$L,SMALL($B:$B,ROW(G501)),MATCH(I$7,$D$7:$L$7,0)),"") | J507: =IFERROR(INDEX('领用录入（明细）'!$B:$L,SMALL($B:$B,ROW(H501)),MATCH(J$7,$D$7:$L$7,0)),"") | K507: =IFERROR(INDEX('领用录入（明细）'!$B:$L,SMALL($B:$B,ROW(I501)),MATCH(K$7,$D$7:$L$7,0)),"") | L507: =IFERROR(INDEX('领用录入（明细）'!$B:$L,SMALL($B:$B,ROW(J501)),MATCH(L$7,$D$7:$L$7,0)),"") | M507: =IFERROR(K507*L507,"")
B508: =IF(AND('领用录入（明细）'!D:D=$F$4,'领用录入（明细）'!C:C>=$J$4,'领用录入（明细）'!C:C<=$L$4),ROW(),"-") -> -
B509: =IF(AND('领用录入（明细）'!D:D=$F$4,'领用录入（明细）'!C:C>=$J$4,'领用录入（明细）'!C:C<=$L$4),ROW(),"-") -> -
B510: =IF(AND('领用录入（明细）'!D:D=$F$4,'领用录入（明细）'!C:C>=$J$4,'领用录入（明细）'!C:C<=$L$4),ROW(),"-") -> -
B511: =IF(AND('领用录入（明细）'!D:D=$F$4,'领用录入（明细）'!C:C>=$J$4,'领用录入（明细）'!C:C<=$L$4),ROW(),"-") -> -
B512: =IF(AND('领用录入（明细）'!D:D=$F$4,'领用录入（明细）'!C:C>=$J$4,'领用录入（明细）'!C:C<=$L$4),ROW(),"-") -> -
B513: =IF(AND('领用录入（明细）'!D:D=$F$4,'领用录入（明细）'!C:C>=$J$4,'领用录入（明细）'!C:C<=$L$4),ROW(),"-") -> -
B514: =IF(AND('领用录入（明细）'!D:D=$F$4,'领用录入（明细）'!C:C>=$J$4,'领用录入（明细）'!C:C<=$L$4),ROW(),"-") -> -
B515: =IF(AND('领用录入（明细）'!D:D=$F$4,'领用录入（明细）'!C:C>=$J$4,'领用录入（明细）'!C:C<=$L$4),ROW(),"-") -> -
B516: =IF(AND('领用录入（明细）'!D:D=$F$4,'领用录入（明细）'!C:C>=$J$4,'领用录入（明细）'!C:C<=$L$4),ROW(),"-") -> -
B517: =IF(AND('领用录入（明细）'!D:D=$F$4,'领用录入（明细）'!C:C>=$J$4,'领用录入（明细）'!C:C<=$L$4),ROW(),"-") -> -
B518: =IF(AND('领用录入（明细）'!D:D=$F$4,'领用录入（明细）'!C:C>=$J$4,'领用录入（明细）'!C:C<=$L$4),ROW(),"-") -> -
B519: =IF(AND('领用录入（明细）'!D:D=$F$4,'领用录入（明细）'!C:C>=$J$4,'领用录入（明细）'!C:C<=$L$4),ROW(),"-") -> -
... B50005: =IF(AND('领用录入（明细）'!D:D=$F$4,'领用录入（明细）'!C:C>=$J$4,'领用录入（明细）'!C:C<=$L$4),ROW(),"-") -> -

Sheet 领用汇总查询
B2: 领用汇总查询 | I2: 领取数量 | J2: 领取金额
B4: 输入查询的起止日期： | E4: 43466 | F4: 至 | G4: 43751 | I4: =SUM(F7:G1000) -> 1780.32 | J4: =SUM(H7:H1000) -> 0
B6: NO: | C6: 办公用品名称 | D6: 单位 | E6: 型号 | F6: 领用数量 | G6: 领用单价 | H6: 领用金额
B7: 1 | C7: =IF('基础-办公用品信息'!C4="","-",'基础-办公用品信息'!C4) -> A3打印纸 | D7: =IF('基础-办公用品信息'!D4="","-",'基础-办公用品信息'!D4) -> 包 | E7: =IF('基础-办公用品信息'!#REF!="","-",'基础-办公用品信息'!#REF!) -> #REF! | F7: =SUMIFS('领用录入（明细）'!$I:$I,'领用录入（明细）'!$F:$F,C7,'领用录入（明细）'!$C:$C,">="&$E$4,'领用录入（明细）'!$C:$C,"<="&$G$4) -> 0 | G7: =IFERROR(VLOOKUP(C7,'基础-办公用品信息'!$C:$G,4,0),"-") -> 175 | H7: =SUMIFS('领用录入（明细）'!K:K,'领用录入（明细）'!$F:$F,C7,'领用录入（明细）'!$C:$C,">="&$E$4,'领用录入（明细）'!$C:$C,"<="&$G$4) -> 0
B8: 2 | C8: =IF('基础-办公用品信息'!C5="","-",'基础-办公用品信息'!C5) -> A4打印纸 | D8: =IF('基础-办公用品信息'!D5="","-",'基础-办公用品信息'!D5) -> 包 | E8: =IF('基础-办公用品信息'!E5="","-",'基础-办公用品信息'!E5) -> - | F8: =SUMIFS('领用录入（明细）'!$I:$I,'领用录入（明细）'!$F:$F,C8,'领用录入（明细）'!$C:$C,">="&$E$4,'领用录入（明细）'!$C:$C,"<="&$G$4) -> 0 | G8: =IFERROR(VLOOKUP(C8,'基础-办公用品信息'!$C:$G,4,0),"-") -> 175 | H8: =SUMIFS('领用录入（明细）'!K:K,'领用录入（明细）'!$F:$F,C8,'领用录入（明细）'!$C:$C,">="&$E$4,'领用录入（明细）'!$C:$C,"<="&$G$4) -> 0
B9: 3 | C9: =IF('基础-办公用品信息'!C6="","-",'基础-办公用品信息'!C6) -> A4装订封面纸 | D9: =IF('基础-办公用品信息'!D6="","-",'基础-办公用品信息'!D6) -> 包 | E9: =IF('基础-办公用品信息'!E6="","-",'基础-办公用品信息'!E6) -> - | F9: =SUMIFS('领用录入（明细）'!$I:$I,'领用录入（明细）'!$F:$F,C9,'领用录入（明细）'!$C:$C,">="&$E$4,'领用录入（明细）'!$C:$C,"<="&$G$4) -> 0 | G9: =IFERROR(VLOOKUP(C9,'基础-办公用品信息'!$C:$G,4,0),"-") -> 18 | H9: =SUMIFS('领用录入（明细）'!K:K,'领用录入（明细）'!$F:$F,C9,'领用录入（明细）'!$C:$C,">="&$E$4,'领用录入（明细）'!$C:$C,"<="&$G$4) -> 0
B10: 4 | C10: =IF('基础-办公用品信息'!C7="","-",'基础-办公用品信息'!C7) -> A4复印纸蓝色 | D10: =IF('基础-办公用品信息'!D7="","-",'基础-办公用品信息'!D7) -> 包 | E10: =IF('基础-办公用品信息'!E7="","-",'基础-办公用品信息'!E7) -> - | F10: =SUMIFS('领用录入（明细）'!$I:$I,'领用录入（明细）'!$F:$F,C10,'领用录入（明细）'!$C:$C,">="&$E$4,'领用录入（明细）'!$C:$C,"<="&$G$4) -> 0 | G10: =IFERROR(VLOOKUP(C10,'基础-办公用品信息'!$C:$G,4,0),"-") -> 0 | H10: =SUMIFS('领用录入（明细）'!K:K,'领用录入（明细）'!$F:$F,C10,'领用录入（明细）'!$C:$C,">="&$E$4,'领用录入（明细）'!$C:$C,"<="&$G$4) -> 0
B11: 5 | C11: =IF('基础-办公用品信息'!C8="","-",'基础-办公用品信息'!C8) -> A4复印纸红色 | D11: =IF('基础-办公用品信息'!D8="","-",'基础-办公用品信息'!D8) -> 包 | E11: =IF('基础-办公用品信息'!E8="","-",'基础-办公用品信息'!E8) -> - | F11: =SUMIFS('领用录入（明细）'!$I:$I,'领用录入（明细）'!$F:$F,C11,'领用录入（明细）'!$C:$C,">="&$E$4,'领用录入（明细）'!$C:$C,"<="&$G$4) -> 0 | G11: =IFERROR(VLOOKUP(C11,'基础-办公用品信息'!$C:$G,4,0),"-") -> 0 | H11: =SUMIFS('领用录入（明细）'!K:K,'领用录入（明细）'!$F:$F,C11,'领用录入（明细）'!$C:$C,">="&$E$4,'领用录入（明细）'!$C:$C,"<="&$G$4) -> 0
B12: 6 | C12: =IF('基础-办公用品信息'!C9="","-",'基础-办公用品信息'!C9) -> A4白卡纸180克荷兰白卡 | D12: =IF('基础-办公用品信息'!D9="","-",'基础-办公用品信息'!D9) -> 包 | E12: =IF('基础-办公用品信息'!E9="","-",'基础-办公用品信息'!E9) -> - | F12: =SUMIFS('领用录入（明细）'!$I:$I,'领用录入（明细）'!$F:$F,C12,'领用录入（明细）'!$C:$C,">="&$E$4,'领用录入（明细）'!$C:$C,"<="&$G$4) -> 0 | G12: =IFERROR(VLOOKUP(C12,'基础-办公用品信息'!$C:$G,4,0),"-") -> 0 | H12: =SUMIFS('领用录入（明细）'!K:K,'领用录入（明细）'!$F:$F,C12,'领用录入（明细）'!$C:$C,">="&$E$4,'领用录入（明细）'!$C:$C,"<="&$G$4) -> 0
B13: 7 | C13: =IF('基础-办公用品信息'!C10="","-",'基础-办公用品信息'!C10) -> 定制会议本牛皮A4 | D13: =IF('基础-办公用品信息'!D10="","-",'基础-办公用品信息'!D10) -> 本 | E13: =IF('基础-办公用品信息'!E10="","-",'基础-办公用品信息'!E10) -> - | F13: =SUMIFS('领用录入（明细）'!$I:$I,'领用录入（明细）'!$F:$F,C13,'领用录入（明细）'!$C:$C,">="&$E$4,'领用录入（明细）'!$C:$C,"<="&$G$4) -> 0 | G13: =IFERROR(VLOOKUP(C13,'基础-办公用品信息'!$C:$G,4,0),"-") -> 0 | H13: =SUMIFS('领用录入（明细）'!K:K,'领用录入（明细）'!$F:$F,C13,'领用录入（明细）'!$C:$C,">="&$E$4,'领用录入（明细）'!$C:$C,"<="&$G$4) -> 0
B14: 8 | C14: =IF('基础-办公用品信息'!C11="","-",'基础-办公用品信息'!C11) -> 定制会议本活页B5 | D14: =IF('基础-办公用品信息'!D11="","-",'基础-办公用品信息'!D11) -> 本 | E14: =IF('基础-办公用品信息'!E11="","-",'基础-办公用品信息'!E11) -> - | F14: =SUMIFS('领用录入（明细）'!$I:$I,'领用录入（明细）'!$F:$F,C14,'领用录入（明细）'!$C:$C,">="&$E$4,'领用录入（明细）'!$C:$C,"<="&$G$4) -> 0 | G14: =IFERROR(VLOOKUP(C14,'基础-办公用品信息'!$C:$G,4,0),"-") -> 0 | H14: =SUMIFS('领用录入（明细）'!K:K,'领用录入（明细）'!$F:$F,C14,'领用录入（明细）'!$C:$C,">="&$E$4,'领用录入（明细）'!$C:$C,"<="&$G$4) -> 0
B15: 9 | C15: =IF('基础-办公用品信息'!C12="","-",'基础-办公用品信息'!C12) -> 定制会议便签本牛皮书写夹板A4 | D15: =IF('基础-办公用品信息'!D12="","-",'基础-办公用品信息'!D12) -> 本 | E15: =IF('基础-办公用品信息'!E12="","-",'基础-办公用品信息'!E12) -> - | F15: =SUMIFS('领用录入（明细）'!$I:$I,'领用录入（明细）'!$F:$F,C15,'领用录入（明细）'!$C:$C,">="&$E$4,'领用录入（明细）'!$C:$C,"<="&$G$4) -> 0 | G15: =IFERROR(VLOOKUP(C15,'基础-办公用品信息'!$C:$G,4,0),"-") -> 0 | H15: =SUMIFS('领用录入（明细）'!K:K,'领用录入（明细）'!$F:$F,C15,'领用录入（明细）'!$C:$C,">="&$E$4,'领用录入（明细）'!$C:$C,"<="&$G$4) -> 0
B16: 10 | C16: =IF('基础-办公用品信息'!C13="","-",'基础-办公用品信息'!C13) -> 会议记录本皮面黑色 | D16: =IF('基础-办公用品信息'!D13="","-",'基础-办公用品信息'!D13) -> 本 | E16: =IF('基础-办公用品信息'!E13="","-",'基础-办公用品信息'!E13) -> - | F16: =SUMIFS('领用录入（明细）'!$I:$I,'领用录入（明细）'!$F:$F,C16,'领用录入（明细）'!$C:$C,">="&$E$4,'领用录入（明细）'!$C:$C,"<="&$G$4) -> 0 | G16: =IFERROR(VLOOKUP(C16,'基础-办公用品信息'!$C:$G,4,0),"-") -> 7.5 | H16: =SUMIFS('领用录入（明细）'!K:K,'领用录入（明细）'!$F:$F,C16,'领用录入（明细）'!$C:$C,">="&$E$4,'领用录入（明细）'!$C:$C,"<="&$G$4) -> 0
B17: 11 | C17: =IF('基础-办公用品信息'!C14="","-",'基础-办公用品信息'!C14) -> office本32k | D17: =IF('基础-办公用品信息'!D14="","-",'基础-办公用品信息'!D14) -> 本 | E17: =IF('基础-办公用品信息'!E14="","-",'基础-办公用品信息'!E14) -> - | F17: =SUMIFS('领用录入（明细）'!$I:$I,'领用录入（明细）'!$F:$F,C17,'领用录入（明细）'!$C:$C,">="&$E$4,'领用录入（明细）'!$C:$C,"<="&$G$4) -> 0 | G17: =IFERROR(VLOOKUP(C17,'基础-办公用品信息'!$C:$G,4,0),"-") -> 0 | H17: =SUMIFS('领用录入（明细）'!K:K,'领用录入（明细）'!$F:$F,C17,'领用录入（明细）'!$C:$C,">="&$E$4,'领用录入（明细）'!$C:$C,"<="&$G$4) -> 0
B18: 12 | C18: =IF('基础-办公用品信息'!C15="","-",'基础-办公用品信息'!C15) -> 软面抄100 | D18: =IF('基础-办公用品信息'!D15="","-",'基础-办公用品信息'!D15) -> 本 | E18: =IF('基础-办公用品信息'!E15="","-",'基础-办公用品信息'!E15) -> - | F18: =SUMIFS('领用录入（明细）'!$I:$I,'领用录入（明细）'!$F:$F,C18,'领用录入（明细）'!$C:$C,">="&$E$4,'领用录入（明细）'!$C:$C,"<="&$G$4) -> 0 | G18: =IFERROR(VLOOKUP(C18,'基础-办公用品信息'!$C:$G,4,0),"-") -> 1.5 | H18: =SUMIFS('领用录入（明细）'!K:K,'领用录入（明细）'!$F:$F,C18,'领用录入（明细）'!$C:$C,">="&$E$4,'领用录入（明细）'!$C:$C,"<="&$G$4) -> 0
B19: 13 | C19: =IF('基础-办公用品信息'!C16="","-",'基础-办公用品信息'!C16) -> 透明暗扣袋 | D19: =IF('基础-办公用品信息'!D16="","-",'基础-办公用品信息'!D16) -> 个 | E19: =IF('基础-办公用品信息'!E16="","-",'基础-办公用品信息'!E16) -> - | F19: =SUMIFS('领用录入（明细）'!$I:$I,'领用录入（明细）'!$F:$F,C19,'领用录入（明细）'!$C:$C,">="&$E$4,'领用录入（明细）'!$C:$C,"<="&$G$4) -> 0 | G19: =IFERROR(VLOOKUP(C19,'基础-办公用品信息'!$C:$G,4,0),"-") -> 0 | H19: =SUMIFS('领用录入（明细）'!K:K,'领用录入（明细）'!$F:$F,C19,'领用录入（明细）'!$C:$C,">="&$E$4,'领用录入（明细）'!$C:$C,"<="&$G$4) -> 0
... B21: 15 | C21: =IF('基础-办公用品信息'!C18="","-",'基础-办公用品信息'!C18) -> 资料册40页 | D21: =IF('基础-办公用品信息'!D18="","-",'基础-办公用品信息'!D18) -> 本 | E21: =IF('基础-办公用品信息'!E18="","-",'基础-办公用品信息'!E18) -> - | F21: =SUMIFS('领用录入（明细）'!$I:$I,'领用录入（明细）'!$F:$F,C21,'领用录入（明细）'!$C:$C,">="&$E$4,'领用录入（明细）'!$C:$C,"<="&$G$4) -> 0 | G21: =IFERROR(VLOOKUP(C21,'基础-办公用品信息'!$C:$G,4,0),"-") -> 6.5 | H21: =SUMIFS('领用录入（明细）'!K:K,'领用录入（明细）'!$F:$F,C21,'领用录入（明细）'!$C:$C,">="&$E$4,'领用录入（明细）'!$C:$C,"<="&$G$4) -> 0
B22: 16 | C22: =IF('基础-办公用品信息'!C19="","-",'基础-办公用品信息'!C19) -> 档案袋牛皮纸（小） | D22: =IF('基础-办公用品信息'!D19="","-",'基础-办公用品信息'!D19) -> 只 | E22: =IF('基础-办公用品信息'!#REF!="","-",'基础-办公用品信息'!#REF!) -> #REF! | F22: =SUMIFS('领用录入（明细）'!$I:$I,'领用录入（明细）'!$F:$F,C22,'领用录入（明细）'!$C:$C,">="&$E$4,'领用录入（明细）'!$C:$C,"<="&$G$4) -> 0 | G22: =IFERROR(VLOOKUP(C22,'基础-办公用品信息'!$C:$G,4,0),"-") -> 0 | H22: =SUMIFS('领用录入（明细）'!K:K,'领用录入（明细）'!$F:$F,C22,'领用录入（明细）'!$C:$C,">="&$E$4,'领用录入（明细）'!$C:$C,"<="&$G$4) -> 0
B23: 17 | C23: =IF('基础-办公用品信息'!C20="","-",'基础-办公用品信息'!C20) -> 档案盒牛皮纸 | D23: =IF('基础-办公用品信息'!D20="","-",'基础-办公用品信息'!D20) -> 只 | E23: =IF('基础-办公用品信息'!E19="","-",'基础-办公用品信息'!E19) -> - | F23: =SUMIFS('领用录入（明细）'!$I:$I,'领用录入（明细）'!$F:$F,C23,'领用录入（明细）'!$C:$C,">="&$E$4,'领用录入（明细）'!$C:$C,"<="&$G$4) -> 0 | G23: =IFERROR(VLOOKUP(C23,'基础-办公用品信息'!$C:$G,4,0),"-") -> 0 | H23: =SUMIFS('领用录入（明细）'!K:K,'领用录入（明细）'!$F:$F,C23,'领用录入（明细）'!$C:$C,">="&$E$4,'领用录入（明细）'!$C:$C,"<="&$G$4) -> 0
B24: 18 | C24: =IF('基础-办公用品信息'!C21="","-",'基础-办公用品信息'!C21) -> 档案盒大塑料 | D24: =IF('基础-办公用品信息'!D21="","-",'基础-办公用品信息'!D21) -> 只 | E24: =IF('基础-办公用品信息'!#REF!="","-",'基础-办公用品信息'!#REF!) -> #REF! | F24: =SUMIFS('领用录入（明细）'!$I:$I,'领用录入（明细）'!$F:$F,C24,'领用录入（明细）'!$C:$C,">="&$E$4,'领用录入（明细）'!$C:$C,"<="&$G$4) -> 0 | G24: =IFERROR(VLOOKUP(C24,'基础-办公用品信息'!$C:$G,4,0),"-") -> 0 | H24: =SUMIFS('领用录入（明细）'!K:K,'领用录入（明细）'!$F:$F,C24,'领用录入（明细）'!$C:$C,">="&$E$4,'领用录入（明细）'!$C:$C,"<="&$G$4) -> 0
B25: 19 | C25: =IF('基础-办公用品信息'!C22="","-",'基础-办公用品信息'!C22) -> 档案盒小塑料 | D25: =IF('基础-办公用品信息'!D22="","-",'基础-办公用品信息'!D22) -> 只 | E25: =IF('基础-办公用品信息'!E20="","-",'基础-办公用品信息'!E20) -> - | F25: =SUMIFS('领用录入（明细）'!$I:$I,'领用录入（明细）'!$F:$F,C25,'领用录入（明细）'!$C:$C,">="&$E$4,'领用录入（明细）'!$C:$C,"<="&$G$4) -> 0 | G25: =IFERROR(VLOOKUP(C25,'基础-办公用品信息'!$C:$G,4,0),"-") -> 0 | H25: =SUMIFS('领用录入（明细）'!K:K,'领用录入（明细）'!$F:$F,C25,'领用录入（明细）'!$C:$C,">="&$E$4,'领用录入（明细）'!$C:$C,"<="&$G$4) -> 0
B26: 20 | C26: =IF('基础-办公用品信息'!C23="","-",'基础-办公用品信息'!C23) -> 三角抽杆文件夹 | D26: =IF('基础-办公用品信息'!D23="","-",'基础-办公用品信息'!D23) -> 本 | E26: =IF('基础-办公用品信息'!#REF!="","-",'基础-办公用品信息'!#REF!) -> #REF! | F26: =SUMIFS('领用录入（明细）'!$I:$I,'领用录入（明细）'!$F:$F,C26,'领用录入（明细）'!$C:$C,">="&$E$4,'领用录入（明细）'!$C:$C,"<="&$G$4) -> 0 | G26: =IFERROR(VLOOKUP(C26,'基础-办公用品信息'!$C:$G,4,0),"-") -> 0.55 | H26: =SUMIFS('领用录入（明细）'!K:K,'领用录入（明细）'!$F:$F,C26,'领用录入（明细）'!$C:$C,">="&$E$4,'领用录入（明细）'!$C:$C,"<="&$G$4) -> 0
B27: 21 | C27: =IF('基础-办公用品信息'!C24="","-",'基础-办公用品信息'!C24) -> 塑料文件架 | D27: =IF('基础-办公用品信息'!D24="","-",'基础-办公用品信息'!D24) -> 只 | E27: =IF('基础-办公用品信息'!E21="","-",'基础-办公用品信息'!E21) -> - | F27: =SUMIFS('领用录入（明细）'!$I:$I,'领用录入（明细）'!$F:$F,C27,'领用录入（明细）'!$C:$C,">="&$E$4,'领用录入（明细）'!$C:$C,"<="&$G$4) -> 0 | G27: =IFERROR(VLOOKUP(C27,'基础-办公用品信息'!$C:$G,4,0),"-") -> 18 | H27: =SUMIFS('领用录入（明细）'!K:K,'领用录入（明细）'!$F:$F,C27,'领用录入（明细）'!$C:$C,">="&$E$4,'领用录入（明细）'!$C:$C,"<="&$G$4) -> 0
B28: 22 | C28: =IF('基础-办公用品信息'!C25="","-",'基础-办公用品信息'!C25) -> 文件夹，纸板夹 | D28: =IF('基础-办公用品信息'!D25="","-",'基础-办公用品信息'!D25) -> 本 | E28: =IF('基础-办公用品信息'!E22="","-",'基础-办公用品信息'!E22) -> - | F28: =SUMIFS('领用录入（明细）'!$I:$I,'领用录入（明细）'!$F:$F,C28,'领用录入（明细）'!$C:$C,">="&$E$4,'领用录入（明细）'!$C:$C,"<="&$G$4) -> 0 | G28: =IFERROR(VLOOKUP(C28,'基础-办公用品信息'!$C:$G,4,0),"-") -> 5 | H28: =SUMIFS('领用录入（明细）'!K:K,'领用录入（明细）'!$F:$F,C28,'领用录入（明细）'!$C:$C,">="&$E$4,'领用录入（明细）'!$C:$C,"<="&$G$4) -> 0
B29: 23 | C29: =IF('基础-办公用品信息'!C26="","-",'基础-办公用品信息'!C26) -> 文件夹，塑料皮 | D29: =IF('基础-办公用品信息'!D26="","-",'基础-办公用品信息'!D26) -> 本 | E29: =IF('基础-办公用品信息'!#REF!="","-",'基础-办公用品信息'!#REF!) -> #REF! | F29: =SUMIFS('领用录入（明细）'!$I:$I,'领用录入（明细）'!$F:$F,C29,'领用录入（明细）'!$C:$C,">="&$E$4,'领用录入（明细）'!$C:$C,"<="&$G$4) -> 0 | G29: =IFERROR(VLOOKUP(C29,'基础-办公用品信息'!$C:$G,4,0),"-") -> 6.5 | H29: =SUMIFS('领用录入（明细）'!K:K,'领用录入（明细）'!$F:$F,C29,'领用录入（明细）'!$C:$C,">="&$E$4,'领用录入（明细）'!$C:$C,"<="&$G$4) -> 0
B30: 24 | C30: =IF('基础-办公用品信息'!C27="","-",'基础-办公用品信息'!C27) -> 网格拉链袋 | D30: =IF('基础-办公用品信息'!D27="","-",'基础-办公用品信息'!D27) -> 只 | E30: =IF('基础-办公用品信息'!E23="","-",'基础-办公用品信息'!E23) -> - | F30: =SUMIFS('领用录入（明细）'!$I:$I,'领用录入（明细）'!$F:$F,C30,'领用录入（明细）'!$C:$C,">="&$E$4,'领用录入（明细）'!$C:$C,"<="&$G$4) -> 0 | G30: =IFERROR(VLOOKUP(C30,'基础-办公用品信息'!$C:$G,4,0),"-") -> 0 | H30: =SUMIFS('领用录入（明细）'!K:K,'领用录入（明细）'!$F:$F,C30,'领用录入（明细）'!$C:$C,">="&$E$4,'领用录入（明细）'!$C:$C,"<="&$G$4) -> 0
B31: 25 | C31: =IF('基础-办公用品信息'!C28="","-",'基础-办公用品信息'!C28) -> 书写夹板A5 | D31: =IF('基础-办公用品信息'!D28="","-",'基础-办公用品信息'!D28) -> 只 | E31: =IF('基础-办公用品信息'!E24="","-",'基础-办公用品信息'!E24) -> - | F31: =SUMIFS('领用录入（明细）'!$I:$I,'领用录入（明细）'!$F:$F,C31,'领用录入（明细）'!$C:$C,">="&$E$4,'领用录入（明细）'!$C:$C,"<="&$G$4) -> 0 | G31: =IFERROR(VLOOKUP(C31,'基础-办公用品信息'!$C:$G,4,0),"-") -> 0 | H31: =SUMIFS('领用录入（明细）'!K:K,'领用录入（明细）'!$F:$F,C31,'领用录入（明细）'!$C:$C,">="&$E$4,'领用录入（明细）'!$C:$C,"<="&$G$4) -> 0
B32: 26 | C32: =IF('基础-办公用品信息'!C29="","-",'基础-办公用品信息'!C29) -> 铁书挡（小） | D32: =IF('基础-办公用品信息'!D29="","-",'基础-办公用品信息'!D29) -> 只 | E32: =IF('基础-办公用品信息'!E25="","-",'基础-办公用品信息'!E25) -> - | F32: =SUMIFS('领用录入（明细）'!$I:$I,'领用录入（明细）'!$F:$F,C32,'领用录入（明细）'!$C:$C,">="&$E$4,'领用录入（明细）'!$C:$C,"<="&$G$4) -> 0 | G32: =IFERROR(VLOOKUP(C32,'基础-办公用品信息'!$C:$G,4,0),"-") -> 0 | H32: =SUMIFS('领用录入（明细）'!K:K,'领用录入（明细）'!$F:$F,C32,'领用录入（明细）'!$C:$C,">="&$E$4,'领用录入（明细）'!$C:$C,"<="&$G$4) -> 0
B33: 27 | C33: =IF('基础-办公用品信息'!C30="","-",'基础-办公用品信息'!C30) -> 铁书挡（大） | D33: =IF('基础-办公用品信息'!D30="","-",'基础-办公用品信息'!D30) -> 只 | E33: =IF('基础-办公用品信息'!E26="","-",'基础-办公用品信息'!E26) -> - | F33: =SUMIFS('领用录入（明细）'!$I:$I,'领用录入（明细）'!$F:$F,C33,'领用录入（明细）'!$C:$C,">="&$E$4,'领用录入（明细）'!$C:$C,"<="&$G$4) -> 0 | G33: =IFERROR(VLOOKUP(C33,'基础-办公用品信息'!$C:$G,4,0),"-") -> 0 | H33: =SUMIFS('领用录入（明细）'!K:K,'领用录入（明细）'!$F:$F,C33,'领用录入（明细）'!$C:$C,">="&$E$4,'领用录入（明细）'!$C:$C,"<="&$G$4) -> 0
B34: 28 | C34: =IF('基础-办公用品信息'!C31="","-",'基础-办公用品信息'!C31) -> 水笔黑色 | D34: =IF('基础-办公用品信息'!D31="","-",'基础-办公用品信息'!D31) -> 支 | E34: =IF('基础-办公用品信息'!E27="","-",'基础-办公用品信息'!E27) -> - | F34: =SUMIFS('领用录入（明细）'!$I:$I,'领用录入（明细）'!$F:$F,C34,'领用录入（明细）'!$C:$C,">="&$E$4,'领用录入（明细）'!$C:$C,"<="&$G$4) -> 0 | G34: =IFERROR(VLOOKUP(C34,'基础-办公用品信息'!$C:$G,4,0),"-") -> 1.3 | H34: =SUMIFS('领用录入（明细）'!K:K,'领用录入（明细）'!$F:$F,C34,'领用录入（明细）'!$C:$C,">="&$E$4,'领用录入（明细）'!$C:$C,"<="&$G$4) -> 0
B35: 29 | C35: =IF('基础-办公用品信息'!C32="","-",'基础-办公用品信息'!C32) -> 水笔红色 | D35: =IF('基础-办公用品信息'!D32="","-",'基础-办公用品信息'!D32) -> 支 | E35: =IF('基础-办公用品信息'!E28="","-",'基础-办公用品信息'!E28) -> - | F35: =SUMIFS('领用录入（明细）'!$I:$I,'领用录入（明细）'!$F:$F,C35,'领用录入（明细）'!$C:$C,">="&$E$4,'领用录入（明细）'!$C:$C,"<="&$G$4) -> 0 | G35: =IFERROR(VLOOKUP(C35,'基础-办公用品信息'!$C:$G,4,0),"-") -> 1.3 | H35: =SUMIFS('领用录入（明细）'!K:K,'领用录入（明细）'!$F:$F,C35,'领用录入（明细）'!$C:$C,">="&$E$4,'领用录入（明细）'!$C:$C,"<="&$G$4) -> 0
B36: 30 | C36: =IF('基础-办公用品信息'!C33="","-",'基础-办公用品信息'!C33) -> 按压水笔黑色 | D36: =IF('基础-办公用品信息'!D33="","-",'基础-办公用品信息'!D33) -> 支 | E36: =IF('基础-办公用品信息'!E29="","-",'基础-办公用品信息'!E29) -> - | F36: =SUMIFS('领用录入（明细）'!$I:$I,'领用录入（明细）'!$F:$F,C36,'领用录入（明细）'!$C:$C,">="&$E$4,'领用录入（明细）'!$C:$C,"<="&$G$4) -> 0 | G36: =IFERROR(VLOOKUP(C36,'基础-办公用品信息'!$C:$G,4,0),"-") -> 2 | H36: =SUMIFS('领用录入（明细）'!K:K,'领用录入（明细）'!$F:$F,C36,'领用录入（明细）'!$C:$C,">="&$E$4,'领用录入（明细）'!$C:$C,"<="&$G$4) -> 0
B37: 31 | C37: =IF('基础-办公用品信息'!C34="","-",'基础-办公用品信息'!C34) -> 笔芯 | D37: =IF('基础-办公用品信息'!D34="","-",'基础-办公用品信息'!D34) -> 支 | E37: =IF('基础-办公用品信息'!E30="","-",'基础-办公用品信息'!E30) -> - | F37: =SUMIFS('领用录入（明细）'!$I:$I,'领用录入（明细）'!$F:$F,C37,'领用录入（明细）'!$C:$C,">="&$E$4,'领用录入（明细）'!$C:$C,"<="&$G$4) -> 0 | G37: =IFERROR(VLOOKUP(C37,'基础-办公用品信息'!$C:$G,4,0),"-") -> 0 | H37: =SUMIFS('领用录入（明细）'!K:K,'领用录入（明细）'!$F:$F,C37,'领用录入（明细）'!$C:$C,">="&$E$4,'领用录入（明细）'!$C:$C,"<="&$G$4) -> 0
B38: 32 | C38: =IF('基础-办公用品信息'!C35="","-",'基础-办公用品信息'!C35) -> 台笔 | D38: =IF('基础-办公用品信息'!D35="","-",'基础-办公用品信息'!D35) -> 支 | E38: =IF('基础-办公用品信息'!E31="","-",'基础-办公用品信息'!E31) -> - | F38: =SUMIFS('领用录入（明细）'!$I:$I,'领用录入（明细）'!$F:$F,C38,'领用录入（明细）'!$C:$C,">="&$E$4,'领用录入（明细）'!$C:$C,"<="&$G$4) -> 0 | G38: =IFERROR(VLOOKUP(C38,'基础-办公用品信息'!$C:$G,4,0),"-") -> 0 | H38: =SUMIFS('领用录入（明细）'!K:K,'领用录入（明细）'!$F:$F,C38,'领用录入（明细）'!$C:$C,">="&$E$4,'领用录入（明细）'!$C:$C,"<="&$G$4) -> 0
B39: 33 | C39: =IF('基础-办公用品信息'!C36="","-",'基础-办公用品信息'!C36) -> 记号笔黑色 | D39: =IF('基础-办公用品信息'!D36="","-",'基础-办公用品信息'!D36) -> 支 | E39: =IF('基础-办公用品信息'!E32="","-",'基础-办公用品信息'!E32) -> - | F39: =SUMIFS('领用录入（明细）'!$I:$I,'领用录入（明细）'!$F:$F,C39,'领用录入（明细）'!$C:$C,">="&$E$4,'领用录入（明细）'!$C:$C,"<="&$G$4) -> 0 | G39: =IFERROR(VLOOKUP(C39,'基础-办公用品信息'!$C:$G,4,0),"-") -> 0.5 | H39: =SUMIFS('领用录入（明细）'!K:K,'领用录入（明细）'!$F:$F,C39,'领用录入（明细）'!$C:$C,">="&$E$4,'领用录入（明细）'!$C:$C,"<="&$G$4) -> 0
B40: 34 | C40: =IF('基础-办公用品信息'!C37="","-",'基础-办公用品信息'!C37) -> 记号笔红色 | D40: =IF('基础-办公用品信息'!D37="","-",'基础-办公用品信息'!D37) -> 支 | E40: =IF('基础-办公用品信息'!E33="","-",'基础-办公用品信息'!E33) -> - | F40: =SUMIFS('领用录入（明细）'!$I:$I,'领用录入（明细）'!$F:$F,C40,'领用录入（明细）'!$C:$C,">="&$E$4,'领用录入（明细）'!$C:$C,"<="&$G$4) -> 0 | G40: =IFERROR(VLOOKUP(C40,'基础-办公用品信息'!$C:$G,4,0),"-") -> 0.5 | H40: =SUMIFS('领用录入（明细）'!K:K,'领用录入（明细）'!$F:$F,C40,'领用录入（明细）'!$C:$C,">="&$E$4,'领用录入（明细）'!$C:$C,"<="&$G$4) -> 0
B41: 35 | C41: =IF('基础-办公用品信息'!C38="","-",'基础-办公用品信息'!C38) -> 扑克 | D41: =IF('基础-办公用品信息'!D38="","-",'基础-办公用品信息'!D38) -> 盒 | E41: =IF('基础-办公用品信息'!E34="","-",'基础-办公用品信息'!E34) -> - | F41: =SUMIFS('领用录入（明细）'!$I:$I,'领用录入（明细）'!$F:$F,C41,'领用录入（明细）'!$C:$C,">="&$E$4,'领用录入（明细）'!$C:$C,"<="&$G$4) -> 0 | G41: =IFERROR(VLOOKUP(C41,'基础-办公用品信息'!$C:$G,4,0),"-") -> 1.4 | H41: =SUMIFS('领用录入（明细）'!K:K,'领用录入（明细）'!$F:$F,C41,'领用录入（明细）'!$C:$C,">="&$E$4,'领用录入（明细）'!$C:$C,"<="&$G$4) -> 0
B42: 36 | C42: =IF('基础-办公用品信息'!C39="","-",'基础-办公用品信息'!C39) -> 圆珠笔蓝色 | D42: =IF('基础-办公用品信息'!D39="","-",'基础-办公用品信息'!D39) -> 支 | E42: =IF('基础-办公用品信息'!#REF!="","-",'基础-办公用品信息'!#REF!) -> #REF! | F42: =SUMIFS('领用录入（明细）'!$I:$I,'领用录入（明细）'!$F:$F,C42,'领用录入（明细）'!$C:$C,">="&$E$4,'领用录入（明细）'!$C:$C,"<="&$G$4) -> 0 | G42: =IFERROR(VLOOKUP(C42,'基础-办公用品信息'!$C:$G,4,0),"-") -> 0 | H42: =SUMIFS('领用录入（明细）'!K:K,'领用录入（明细）'!$F:$F,C42,'领用录入（明细）'!$C:$C,">="&$E$4,'领用录入（明细）'!$C:$C,"<="&$G$4) -> 0
B43: 37 | C43: =IF('基础-办公用品信息'!C40="","-",'基础-办公用品信息'!C40) -> 铅笔 | D43: =IF('基础-办公用品信息'!D40="","-",'基础-办公用品信息'!D40) -> 支 | E43: =IF('基础-办公用品信息'!#REF!="","-",'基础-办公用品信息'!#REF!) -> #REF! | F43: =SUMIFS('领用录入（明细）'!$I:$I,'领用录入（明细）'!$F:$F,C43,'领用录入（明细）'!$C:$C,">="&$E$4,'领用录入（明细）'!$C:$C,"<="&$G$4) -> 0 | G43: =IFERROR(VLOOKUP(C43,'基础-办公用品信息'!$C:$G,4,0),"-") -> 7元/盒 | H43: =SUMIFS('领用录入（明细）'!K:K,'领用录入（明细）'!$F:$F,C43,'领用录入（明细）'!$C:$C,">="&$E$4,'领用录入（明细）'!$C:$C,"<="&$G$4) -> 0
B44: 38 | C44: =IF('基础-办公用品信息'!C41="","-",'基础-办公用品信息'!C41) -> 卷笔机 | D44: =IF('基础-办公用品信息'!D41="","-",'基础-办公用品信息'!D41) -> 个 | E44: =IF('基础-办公用品信息'!#REF!="","-",'基础-办公用品信息'!#REF!) -> #REF! | F44: =SUMIFS('领用录入（明细）'!$I:$I,'领用录入（明细）'!$F:$F,C44,'领用录入（明细）'!$C:$C,">="&$E$4,'领用录入（明细）'!$C:$C,"<="&$G$4) -> 0 | G44: =IFERROR(VLOOKUP(C44,'基础-办公用品信息'!$C:$G,4,0),"-") -> 16 | H44: =SUMIFS('领用录入（明细）'!K:K,'领用录入（明细）'!$F:$F,C44,'领用录入（明细）'!$C:$C,">="&$E$4,'领用录入（明细）'!$C:$C,"<="&$G$4) -> 0
B45: 39 | C45: =IF('基础-办公用品信息'!C42="","-",'基础-办公用品信息'!C42) -> 卷笔刀 | D45: =IF('基础-办公用品信息'!D42="","-",'基础-办公用品信息'!D42) -> 个 | E45: =IF('基础-办公用品信息'!E35="","-",'基础-办公用品信息'!E35) -> - | F45: =SUMIFS('领用录入（明细）'!$I:$I,'领用录入（明细）'!$F:$F,C45,'领用录入（明细）'!$C:$C,">="&$E$4,'领用录入（明细）'!$C:$C,"<="&$G$4) -> 0 | G45: =IFERROR(VLOOKUP(C45,'基础-办公用品信息'!$C:$G,4,0),"-") -> 0.8 | H45: =SUMIFS('领用录入（明细）'!K:K,'领用录入（明细）'!$F:$F,C45,'领用录入（明细）'!$C:$C,">="&$E$4,'领用录入（明细）'!$C:$C,"<="&$G$4) -> 0
B46: 40 | C46: =IF('基础-办公用品信息'!C43="","-",'基础-办公用品信息'!C43) -> 橡皮 | D46: =IF('基础-办公用品信息'!D43="","-",'基础-办公用品信息'!D43) -> 个 | E46: =IF('基础-办公用品信息'!E36="","-",'基础-办公用品信息'!E36) -> - | F46: =SUMIFS('领用录入（明细）'!$I:$I,'领用录入（明细）'!$F:$F,C46,'领用录入（明细）'!$C:$C,">="&$E$4,'领用录入（明细）'!$C:$C,"<="&$G$4) -> 0 | G46: =IFERROR(VLOOKUP(C46,'基础-办公用品信息'!$C:$G,4,0),"-") -> 0 | H46: =SUMIFS('领用录入（明细）'!K:K,'领用录入（明细）'!$F:$F,C46,'领用录入（明细）'!$C:$C,">="&$E$4,'领用录入（明细）'!$C:$C,"<="&$G$4) -> 0
B47: 41 | C47: =IF('基础-办公用品信息'!C44="","-",'基础-办公用品信息'!C44) -> 美工刀 | D47: =IF('基础-办公用品信息'!D44="","-",'基础-办公用品信息'!D44) -> 把 | E47: =IF('基础-办公用品信息'!E37="","-",'基础-办公用品信息'!E37) -> - | F47: =SUMIFS('领用录入（明细）'!$I:$I,'领用录入（明细）'!$F:$F,C47,'领用录入（明细）'!$C:$C,">="&$E$4,'领用录入（明细）'!$C:$C,"<="&$G$4) -> 0 | G47: =IFERROR(VLOOKUP(C47,'基础-办公用品信息'!$C:$G,4,0),"-") -> 0 | H47: =SUMIFS('领用录入（明细）'!K:K,'领用录入（明细）'!$F:$F,C47,'领用录入（明细）'!$C:$C,">="&$E$4,'领用录入（明细）'!$C:$C,"<="&$G$4) -> 0
B48: 42 | C48: =IF('基础-办公用品信息'!C45="","-",'基础-办公用品信息'!C45) -> 剪刀 | D48: =IF('基础-办公用品信息'!D45="","-",'基础-办公用品信息'!D45) -> 把 | E48: =IF('基础-办公用品信息'!E38="","-",'基础-办公用品信息'!E38) -> - | F48: =SUMIFS('领用录入（明细）'!$I:$I,'领用录入（明细）'!$F:$F,C48,'领用录入（明细）'!$C:$C,">="&$E$4,'领用录入（明细）'!$C:$C,"<="&$G$4) -> 0 | G48: =IFERROR(VLOOKUP(C48,'基础-办公用品信息'!$C:$G,4,0),"-") -> 3.5 | H48: =SUMIFS('领用录入（明细）'!K:K,'领用录入（明细）'!$F:$F,C48,'领用录入（明细）'!$C:$C,">="&$E$4,'领用录入（明细）'!$C:$C,"<="&$G$4) -> 0
B49: 43 | C49: =IF('基础-办公用品信息'!C46="","-",'基础-办公用品信息'!C46) -> 起钉器 | D49: =IF('基础-办公用品信息'!D46="","-",'基础-办公用品信息'!D46) -> 个 | E49: =IF('基础-办公用品信息'!E39="","-",'基础-办公用品信息'!E39) -> - | F49: =SUMIFS('领用录入（明细）'!$I:$I,'领用录入（明细）'!$F:$F,C49,'领用录入（明细）'!$C:$C,">="&$E$4,'领用录入（明细）'!$C:$C,"<="&$G$4) -> 0 | G49: =IFERROR(VLOOKUP(C49,'基础-办公用品信息'!$C:$G,4,0),"-") -> 2 | H49: =SUMIFS('领用录入（明细）'!K:K,'领用录入（明细）'!$F:$F,C49,'领用录入（明细）'!$C:$C,">="&$E$4,'领用录入（明细）'!$C:$C,"<="&$G$4) -> 0
B50: 44 | C50: =IF('基础-办公用品信息'!C47="","-",'基础-办公用品信息'!C47) -> 订书机 | D50: =IF('基础-办公用品信息'!D47="","-",'基础-办公用品信息'!D47) -> 个 | E50: =IF('基础-办公用品信息'!E40="","-",'基础-办公用品信息'!E40) -> - | F50: =SUMIFS('领用录入（明细）'!$I:$I,'领用录入（明细）'!$F:$F,C50,'领用录入（明细）'!$C:$C,">="&$E$4,'领用录入（明细）'!$C:$C,"<="&$G$4) -> 0 | G50: =IFERROR(VLOOKUP(C50,'基础-办公用品信息'!$C:$G,4,0),"-") -> 7 | H50: =SUMIFS('领用录入（明细）'!K:K,'领用录入（明细）'!$F:$F,C50,'领用录入（明细）'!$C:$C,">="&$E$4,'领用录入（明细）'!$C:$C,"<="&$G$4) -> 0
B51: 45 | C51: =IF('基础-办公用品信息'!C48="","-",'基础-办公用品信息'!C48) -> 订书钉 | D51: =IF('基础-办公用品信息'!D48="","-",'基础-办公用品信息'!D48) -> 盒 | E51: =IF('基础-办公用品信息'!E41="","-",'基础-办公用品信息'!E41) -> - | F51: =SUMIFS('领用录入（明细）'!$I:$I,'领用录入（明细）'!$F:$F,C51,'领用录入（明细）'!$C:$C,">="&$E$4,'领用录入（明细）'!$C:$C,"<="&$G$4) -> 0 | G51: =IFERROR(VLOOKUP(C51,'基础-办公用品信息'!$C:$G,4,0),"-") -> 0.7 | H51: =SUMIFS('领用录入（明细）'!K:K,'领用录入（明细）'!$F:$F,C51,'领用录入（明细）'!$C:$C,">="&$E$4,'领用录入（明细）'!$C:$C,"<="&$G$4) -> 0
B52: 46 | C52: =IF('基础-办公用品信息'!C49="","-",'基础-办公用品信息'!C49) -> 回形针 | D52: =IF('基础-办公用品信息'!D49="","-",'基础-办公用品信息'!D49) -> 盒 | E52: =IF('基础-办公用品信息'!E42="","-",'基础-办公用品信息'!E42) -> - | F52: =SUMIFS('领用录入（明细）'!$I:$I,'领用录入（明细）'!$F:$F,C52,'领用录入（明细）'!$C:$C,">="&$E$4,'领用录入（明细）'!$C:$C,"<="&$G$4) -> 0 | G52: =IFERROR(VLOOKUP(C52,'基础-办公用品信息'!$C:$G,4,0),"-") -> 0.7 | H52: =SUMIFS('领用录入（明细）'!K:K,'领用录入（明细）'!$F:$F,C52,'领用录入（明细）'!$C:$C,">="&$E$4,'领用录入（明细）'!$C:$C,"<="&$G$4) -> 0
B53: 47 | C53: =IF('基础-办公用品信息'!C50="","-",'基础-办公用品信息'!C50) -> 计算器 | D53: =IF('基础-办公用品信息'!D50="","-",'基础-办公用品信息'!D50) -> 个 | E53: =IF('基础-办公用品信息'!E43="","-",'基础-办公用品信息'!E43) -> - | F53: =SUMIFS('领用录入（明细）'!$I:$I,'领用录入（明细）'!$F:$F,C53,'领用录入（明细）'!$C:$C,">="&$E$4,'领用录入（明细）'!$C:$C,"<="&$G$4) -> 0 | G53: =IFERROR(VLOOKUP(C53,'基础-办公用品信息'!$C:$G,4,0),"-") -> 13 | H53: =SUMIFS('领用录入（明细）'!K:K,'领用录入（明细）'!$F:$F,C53,'领用录入（明细）'!$C:$C,">="&$E$4,'领用录入（明细）'!$C:$C,"<="&$G$4) -> 0
B54: 48 | C54: =IF('基础-办公用品信息'!C51="","-",'基础-办公用品信息'!C51) -> 笔筒圆形 | D54: =IF('基础-办公用品信息'!D51="","-",'基础-办公用品信息'!D51) -> 个 | E54: =IF('基础-办公用品信息'!E44="","-",'基础-办公用品信息'!E44) -> - | F54: =SUMIFS('领用录入（明细）'!$I:$I,'领用录入（明细）'!$F:$F,C54,'领用录入（明细）'!$C:$C,">="&$E$4,'领用录入（明细）'!$C:$C,"<="&$G$4) -> 0 | G54: =IFERROR(VLOOKUP(C54,'基础-办公用品信息'!$C:$G,4,0),"-") -> 4 | H54: =SUMIFS('领用录入（明细）'!K:K,'领用录入（明细）'!$F:$F,C54,'领用录入（明细）'!$C:$C,">="&$E$4,'领用录入（明细）'!$C:$C,"<="&$G$4) -> 0
B55: 49 | C55: =IF('基础-办公用品信息'!C52="","-",'基础-办公用品信息'!C52) -> 笔筒方形 | D55: =IF('基础-办公用品信息'!D52="","-",'基础-办公用品信息'!D52) -> 个 | E55: =IF('基础-办公用品信息'!E45="","-",'基础-办公用品信息'!E45) -> - | F55: =SUMIFS('领用录入（明细）'!$I:$I,'领用录入（明细）'!$F:$F,C55,'领用录入（明细）'!$C:$C,">="&$E$4,'领用录入（明细）'!$C:$C,"<="&$G$4) -> 0 | G55: =IFERROR(VLOOKUP(C55,'基础-办公用品信息'!$C:$G,4,0),"-") -> 4 | H55: =SUMIFS('领用录入（明细）'!K:K,'领用录入（明细）'!$F:$F,C55,'领用录入（明细）'!$C:$C,">="&$E$4,'领用录入（明细）'!$C:$C,"<="&$G$4) -> 0
B56: 50 | C56: =IF('基础-办公用品信息'!C53="","-",'基础-办公用品信息'!C53) -> 液体胶水 | D56: =IF('基础-办公用品信息'!D53="","-",'基础-办公用品信息'!D53) -> 支 | E56: =IF('基础-办公用品信息'!E46="","-",'基础-办公用品信息'!E46) -> - | F56: =SUMIFS('领用录入（明细）'!$I:$I,'领用录入（明细）'!$F:$F,C56,'领用录入（明细）'!$C:$C,">="&$E$4,'领用录入（明细）'!$C:$C,"<="&$G$4) -> 0 | G56: =IFERROR(VLOOKUP(C56,'基础-办公用品信息'!$C:$G,4,0),"-") -> 1 | H56: =SUMIFS('领用录入（明细）'!K:K,'领用录入（明细）'!$F:$F,C56,'领用录入（明细）'!$C:$C,">="&$E$4,'领用录入（明细）'!$C:$C,"<="&$G$4) -> 0
... B58: 52 | C58: =IF('基础-办公用品信息'!C55="","-",'基础-办公用品信息'!C55) -> 三棱尺 | D58: =IF('基础-办公用品信息'!D55="","-",'基础-办公用品信息'!D55) -> 把 | E58: =IF('基础-办公用品信息'!E48="","-",'基础-办公用品信息'!E48) -> - | F58: =SUMIFS('领用录入（明细）'!$I:$I,'领用录入（明细）'!$F:$F,C58,'领用录入（明细）'!$C:$C,">="&$E$4,'领用录入（明细）'!$C:$C,"<="&$G$4) -> 0 | G58: =IFERROR(VLOOKUP(C58,'基础-办公用品信息'!$C:$G,4,0),"-") -> 0 | H58: =SUMIFS('领用录入（明细）'!K:K,'领用录入（明细）'!$F:$F,C58,'领用录入（明细）'!$C:$C,">="&$E$4,'领用录入（明细）'!$C:$C,"<="&$G$4) -> 0
B59: 53 | C59: =IF('基础-办公用品信息'!C56="","-",'基础-办公用品信息'!C56) -> 透明直尺40cm | D59: =IF('基础-办公用品信息'!D56="","-",'基础-办公用品信息'!D56) -> 把 | E59: =IF('基础-办公用品信息'!#REF!="","-",'基础-办公用品信息'!#REF!) -> #REF! | F59: =SUMIFS('领用录入（明细）'!$I:$I,'领用录入（明细）'!$F:$F,C59,'领用录入（明细）'!$C:$C,">="&$E$4,'领用录入（明细）'!$C:$C,"<="&$G$4) -> 0 | G59: =IFERROR(VLOOKUP(C59,'基础-办公用品信息'!$C:$G,4,0),"-") -> 0 | H59: =SUMIFS('领用录入（明细）'!K:K,'领用录入（明细）'!$F:$F,C59,'领用录入（明细）'!$C:$C,">="&$E$4,'领用录入（明细）'!$C:$C,"<="&$G$4) -> 0
B60: 54 | C60: =IF('基础-办公用品信息'!C57="","-",'基础-办公用品信息'!C57) -> 卷尺10m | D60: =IF('基础-办公用品信息'!D57="","-",'基础-办公用品信息'!D57) -> 个 | E60: =IF('基础-办公用品信息'!#REF!="","-",'基础-办公用品信息'!#REF!) -> #REF! | F60: =SUMIFS('领用录入（明细）'!$I:$I,'领用录入（明细）'!$F:$F,C60,'领用录入（明细）'!$C:$C,">="&$E$4,'领用录入（明细）'!$C:$C,"<="&$G$4) -> 0 | G60: =IFERROR(VLOOKUP(C60,'基础-办公用品信息'!$C:$G,4,0),"-") -> 0 | H60: =SUMIFS('领用录入（明细）'!K:K,'领用录入（明细）'!$F:$F,C60,'领用录入（明细）'!$C:$C,">="&$E$4,'领用录入（明细）'!$C:$C,"<="&$G$4) -> 0
B61: 55 | C61: =IF('基础-办公用品信息'!C58="","-",'基础-办公用品信息'!C58) -> 卷尺5m | D61: =IF('基础-办公用品信息'!D58="","-",'基础-办公用品信息'!D58) -> 个 | E61: =IF('基础-办公用品信息'!E49="","-",'基础-办公用品信息'!E49) -> - | F61: =SUMIFS('领用录入（明细）'!$I:$I,'领用录入（明细）'!$F:$F,C61,'领用录入（明细）'!$C:$C,">="&$E$4,'领用录入（明细）'!$C:$C,"<="&$G$4) -> 0 | G61: =IFERROR(VLOOKUP(C61,'基础-办公用品信息'!$C:$G,4,0),"-") -> 9 | H61: =SUMIFS('领用录入（明细）'!K:K,'领用录入（明细）'!$F:$F,C61,'领用录入（明细）'!$C:$C,">="&$E$4,'领用录入（明细）'!$C:$C,"<="&$G$4) -> 0
B62: 56 | C62: =IF('基础-办公用品信息'!C59="","-",'基础-办公用品信息'!C59) -> 卷尺2m | D62: =IF('基础-办公用品信息'!D59="","-",'基础-办公用品信息'!D59) -> 个 | E62: =IF('基础-办公用品信息'!E50="","-",'基础-办公用品信息'!E50) -> - | F62: =SUMIFS('领用录入（明细）'!$I:$I,'领用录入（明细）'!$F:$F,C62,'领用录入（明细）'!$C:$C,">="&$E$4,'领用录入（明细）'!$C:$C,"<="&$G$4) -> 0 | G62: =IFERROR(VLOOKUP(C62,'基础-办公用品信息'!$C:$G,4,0),"-") -> 0 | H62: =SUMIFS('领用录入（明细）'!K:K,'领用录入（明细）'!$F:$F,C62,'领用录入（明细）'!$C:$C,">="&$E$4,'领用录入（明细）'!$C:$C,"<="&$G$4) -> 0
B63: 57 | C63: =IF('基础-办公用品信息'!C60="","-",'基础-办公用品信息'!C60) -> 电池南孚5号 | D63: =IF('基础-办公用品信息'!D60="","-",'基础-办公用品信息'!D60) -> 节 | E63: =IF('基础-办公用品信息'!E51="","-",'基础-办公用品信息'!E51) -> - | F63: =SUMIFS('领用录入（明细）'!$I:$I,'领用录入（明细）'!$F:$F,C63,'领用录入（明细）'!$C:$C,">="&$E$4,'领用录入（明细）'!$C:$C,"<="&$G$4) -> 0 | G63: =IFERROR(VLOOKUP(C63,'基础-办公用品信息'!$C:$G,4,0),"-") -> 2.1 | H63: =SUMIFS('领用录入（明细）'!K:K,'领用录入（明细）'!$F:$F,C63,'领用录入（明细）'!$C:$C,">="&$E$4,'领用录入（明细）'!$C:$C,"<="&$G$4) -> 0
B64: 58 | C64: =IF('基础-办公用品信息'!C61="","-",'基础-办公用品信息'!C61) -> 电池双鹿7号 | D64: =IF('基础-办公用品信息'!D61="","-",'基础-办公用品信息'!D61) -> 节 | E64: =IF('基础-办公用品信息'!E52="","-",'基础-办公用品信息'!E52) -> - | F64: =SUMIFS('领用录入（明细）'!$I:$I,'领用录入（明细）'!$F:$F,C64,'领用录入（明细）'!$C:$C,">="&$E$4,'领用录入（明细）'!$C:$C,"<="&$G$4) -> 0 | G64: =IFERROR(VLOOKUP(C64,'基础-办公用品信息'!$C:$G,4,0),"-") -> 0 | H64: =SUMIFS('领用录入（明细）'!K:K,'领用录入（明细）'!$F:$F,C64,'领用录入（明细）'!$C:$C,">="&$E$4,'领用录入（明细）'!$C:$C,"<="&$G$4) -> 0
B65: 59 | C65: =IF('基础-办公用品信息'!C62="","-",'基础-办公用品信息'!C62) -> 电池南孚23A | D65: =IF('基础-办公用品信息'!D62="","-",'基础-办公用品信息'!D62) -> 节 | E65: =IF('基础-办公用品信息'!E53="","-",'基础-办公用品信息'!E53) -> - | F65: =SUMIFS('领用录入（明细）'!$I:$I,'领用录入（明细）'!$F:$F,C65,'领用录入（明细）'!$C:$C,">="&$E$4,'领用录入（明细）'!$C:$C,"<="&$G$4) -> 0 | G65: =IFERROR(VLOOKUP(C65,'基础-办公用品信息'!$C:$G,4,0),"-") -> 0 | H65: =SUMIFS('领用录入（明细）'!K:K,'领用录入（明细）'!$F:$F,C65,'领用录入（明细）'!$C:$C,">="&$E$4,'领用录入（明细）'!$C:$C,"<="&$G$4) -> 0
B66: 60 | C66: =IF('基础-办公用品信息'!C63="","-",'基础-办公用品信息'!C63) -> 电池南孚27A | D66: =IF('基础-办公用品信息'!D63="","-",'基础-办公用品信息'!D63) -> 节 | E66: =IF('基础-办公用品信息'!E54="","-",'基础-办公用品信息'!E54) -> - | F66: =SUMIFS('领用录入（明细）'!$I:$I,'领用录入（明细）'!$F:$F,C66,'领用录入（明细）'!$C:$C,">="&$E$4,'领用录入（明细）'!$C:$C,"<="&$G$4) -> 0 | G66: =IFERROR(VLOOKUP(C66,'基础-办公用品信息'!$C:$G,4,0),"-") -> 0 | H66: =SUMIFS('领用录入（明细）'!K:K,'领用录入（明细）'!$F:$F,C66,'领用录入（明细）'!$C:$C,">="&$E$4,'领用录入（明细）'!$C:$C,"<="&$G$4) -> 0
B67: 61 | C67: =IF('基础-办公用品信息'!C64="","-",'基础-办公用品信息'!C64) -> 彩色长尾票夹5851 | D67: =IF('基础-办公用品信息'!D64="","-",'基础-办公用品信息'!D64) -> 盒 | E67: =IF('基础-办公用品信息'!E55="","-",'基础-办公用品信息'!E55) -> - | F67: =SUMIFS('领用录入（明细）'!$I:$I,'领用录入（明细）'!$F:$F,C67,'领用录入（明细）'!$C:$C,">="&$E$4,'领用录入（明细）'!$C:$C,"<="&$G$4) -> 0 | G67: =IFERROR(VLOOKUP(C67,'基础-办公用品信息'!$C:$G,4,0),"-") -> 11 | H67: =SUMIFS('领用录入（明细）'!K:K,'领用录入（明细）'!$F:$F,C67,'领用录入（明细）'!$C:$C,">="&$E$4,'领用录入（明细）'!$C:$C,"<="&$G$4) -> 0
B68: 62 | C68: =IF('基础-办公用品信息'!C65="","-",'基础-办公用品信息'!C65) -> 彩色长尾票5852 | D68: =IF('基础-办公用品信息'!D65="","-",'基础-办公用品信息'!D65) -> 盒 | E68: =IF('基础-办公用品信息'!E56="","-",'基础-办公用品信息'!E56) -> - | F68: =SUMIFS('领用录入（明细）'!$I:$I,'领用录入（明细）'!$F:$F,C68,'领用录入（明细）'!$C:$C,">="&$E$4,'领用录入（明细）'!$C:$C,"<="&$G$4) -> 0 | G68: =IFERROR(VLOOKUP(C68,'基础-办公用品信息'!$C:$G,4,0),"-") -> 15 | H68: =SUMIFS('领用录入（明细）'!K:K,'领用录入（明细）'!$F:$F,C68,'领用录入（明细）'!$C:$C,">="&$E$4,'领用录入（明细）'!$C:$C,"<="&$G$4) -> 0
B69: 63 | C69: =IF('基础-办公用品信息'!C66="","-",'基础-办公用品信息'!C66) -> 彩色长尾票夹5854 | D69: =IF('基础-办公用品信息'!D66="","-",'基础-办公用品信息'!D66) -> 盒 | E69: =IF('基础-办公用品信息'!E57="","-",'基础-办公用品信息'!E57) -> - | F69: =SUMIFS('领用录入（明细）'!$I:$I,'领用录入（明细）'!$F:$F,C69,'领用录入（明细）'!$C:$C,">="&$E$4,'领用录入（明细）'!$C:$C,"<="&$G$4) -> 0 | G69: =IFERROR(VLOOKUP(C69,'基础-办公用品信息'!$C:$G,4,0),"-") -> 13 | H69: =SUMIFS('领用录入（明细）'!K:K,'领用录入（明细）'!$F:$F,C69,'领用录入（明细）'!$C:$C,">="&$E$4,'领用录入（明细）'!$C:$C,"<="&$G$4) -> 0
B70: 64 | C70: =IF('基础-办公用品信息'!C67="","-",'基础-办公用品信息'!C67) -> 彩色长尾票夹5855 | D70: =IF('基础-办公用品信息'!D67="","-",'基础-办公用品信息'!D67) -> 盒 | E70: =IF('基础-办公用品信息'!E58="","-",'基础-办公用品信息'!E58) -> - | F70: =SUMIFS('领用录入（明细）'!$I:$I,'领用录入（明细）'!$F:$F,C70,'领用录入（明细）'!$C:$C,">="&$E$4,'领用录入（明细）'!$C:$C,"<="&$G$4) -> 0 | G70: =IFERROR(VLOOKUP(C70,'基础-办公用品信息'!$C:$G,4,0),"-") -> 7 | H70: =SUMIFS('领用录入（明细）'!K:K,'领用录入（明细）'!$F:$F,C70,'领用录入（明细）'!$C:$C,">="&$E$4,'领用录入（明细）'!$C:$C,"<="&$G$4) -> 0
B71: 65 | C71: =IF('基础-办公用品信息'!C68="","-",'基础-办公用品信息'!C68) -> 彩色长尾票夹5856 | D71: =IF('基础-办公用品信息'!D68="","-",'基础-办公用品信息'!D68) -> 盒 | E71: =IF('基础-办公用品信息'!E59="","-",'基础-办公用品信息'!E59) -> - | F71: =SUMIFS('领用录入（明细）'!$I:$I,'领用录入（明细）'!$F:$F,C71,'领用录入（明细）'!$C:$C,">="&$E$4,'领用录入（明细）'!$C:$C,"<="&$G$4) -> 0 | G71: =IFERROR(VLOOKUP(C71,'基础-办公用品信息'!$C:$G,4,0),"-") -> 8 | H71: =SUMIFS('领用录入（明细）'!K:K,'领用录入（明细）'!$F:$F,C71,'领用录入（明细）'!$C:$C,">="&$E$4,'领用录入（明细）'!$C:$C,"<="&$G$4) -> 0
B72: 66 | C72: =IF('基础-办公用品信息'!C69="","-",'基础-办公用品信息'!C69) -> 插座1.8m | D72: =IF('基础-办公用品信息'!D69="","-",'基础-办公用品信息'!D69) -> 个 | E72: =IF('基础-办公用品信息'!#REF!="","-",'基础-办公用品信息'!#REF!) -> #REF! | F72: =SUMIFS('领用录入（明细）'!$I:$I,'领用录入（明细）'!$F:$F,C72,'领用录入（明细）'!$C:$C,">="&$E$4,'领用录入（明细）'!$C:$C,"<="&$G$4) -> 0 | G72: =IFERROR(VLOOKUP(C72,'基础-办公用品信息'!$C:$G,4,0),"-") -> 26 | H72: =SUMIFS('领用录入（明细）'!K:K,'领用录入（明细）'!$F:$F,C72,'领用录入（明细）'!$C:$C,">="&$E$4,'领用录入（明细）'!$C:$C,"<="&$G$4) -> 0
B73: 67 | C73: =IF('基础-办公用品信息'!C70="","-",'基础-办公用品信息'!C70) -> 插座3m | D73: =IF('基础-办公用品信息'!D70="","-",'基础-办公用品信息'!D70) -> 个 | E73: =IF('基础-办公用品信息'!#REF!="","-",'基础-办公用品信息'!#REF!) -> #REF! | F73: =SUMIFS('领用录入（明细）'!$I:$I,'领用录入（明细）'!$F:$F,C73,'领用录入（明细）'!$C:$C,">="&$E$4,'领用录入（明细）'!$C:$C,"<="&$G$4) -> 0 | G73: =IFERROR(VLOOKUP(C73,'基础-办公用品信息'!$C:$G,4,0),"-") -> 59 | H73: =SUMIFS('领用录入（明细）'!K:K,'领用录入（明细）'!$F:$F,C73,'领用录入（明细）'!$C:$C,">="&$E$4,'领用录入（明细）'!$C:$C,"<="&$G$4) -> 0
B74: 68 | C74: =IF('基础-办公用品信息'!C71="","-",'基础-办公用品信息'!C71) -> 无线插头 | D74: =IF('基础-办公用品信息'!D71="","-",'基础-办公用品信息'!D71) -> 个 | E74: =IF('基础-办公用品信息'!E60="","-",'基础-办公用品信息'!E60) -> - | F74: =SUMIFS('领用录入（明细）'!$I:$I,'领用录入（明细）'!$F:$F,C74,'领用录入（明细）'!$C:$C,">="&$E$4,'领用录入（明细）'!$C:$C,"<="&$G$4) -> 0 | G74: =IFERROR(VLOOKUP(C74,'基础-办公用品信息'!$C:$G,4,0),"-") -> 0 | H74: =SUMIFS('领用录入（明细）'!K:K,'领用录入（明细）'!$F:$F,C74,'领用录入（明细）'!$C:$C,">="&$E$4,'领用录入（明细）'!$C:$C,"<="&$G$4) -> 0
B75: 69 | C75: =IF('基础-办公用品信息'!C72="","-",'基础-办公用品信息'!C72) -> 印台红色 | D75: =IF('基础-办公用品信息'!D72="","-",'基础-办公用品信息'!D72) -> 只 | E75: =IF('基础-办公用品信息'!E61="","-",'基础-办公用品信息'!E61) -> - | F75: =SUMIFS('领用录入（明细）'!$I:$I,'领用录入（明细）'!$F:$F,C75,'领用录入（明细）'!$C:$C,">="&$E$4,'领用录入（明细）'!$C:$C,"<="&$G$4) -> 0 | G75: =IFERROR(VLOOKUP(C75,'基础-办公用品信息'!$C:$G,4,0),"-") -> 0 | H75: =SUMIFS('领用录入（明细）'!K:K,'领用录入（明细）'!$F:$F,C75,'领用录入（明细）'!$C:$C,">="&$E$4,'领用录入（明细）'!$C:$C,"<="&$G$4) -> 0
B76: 70 | C76: =IF('基础-办公用品信息'!C73="","-",'基础-办公用品信息'!C73) -> 印台蓝色 | D76: =IF('基础-办公用品信息'!D73="","-",'基础-办公用品信息'!D73) -> 只 | E76: =IF('基础-办公用品信息'!E62="","-",'基础-办公用品信息'!E62) -> - | F76: =SUMIFS('领用录入（明细）'!$I:$I,'领用录入（明细）'!$F:$F,C76,'领用录入（明细）'!$C:$C,">="&$E$4,'领用录入（明细）'!$C:$C,"<="&$G$4) -> 0 | G76: =IFERROR(VLOOKUP(C76,'基础-办公用品信息'!$C:$G,4,0),"-") -> 0 | H76: =SUMIFS('领用录入（明细）'!K:K,'领用录入（明细）'!$F:$F,C76,'领用录入（明细）'!$C:$C,">="&$E$4,'领用录入（明细）'!$C:$C,"<="&$G$4) -> 0
B77: 71 | C77: =IF('基础-办公用品信息'!C74="","-",'基础-办公用品信息'!C74) -> 透明胶带小卷 | D77: =IF('基础-办公用品信息'!D74="","-",'基础-办公用品信息'!D74) -> 卷 | E77: =IF('基础-办公用品信息'!E63="","-",'基础-办公用品信息'!E63) -> - | F77: =SUMIFS('领用录入（明细）'!$I:$I,'领用录入（明细）'!$F:$F,C77,'领用录入（明细）'!$C:$C,">="&$E$4,'领用录入（明细）'!$C:$C,"<="&$G$4) -> 0 | G77: =IFERROR(VLOOKUP(C77,'基础-办公用品信息'!$C:$G,4,0),"-") -> 5 | H77: =SUMIFS('领用录入（明细）'!K:K,'领用录入（明细）'!$F:$F,C77,'领用录入（明细）'!$C:$C,">="&$E$4,'领用录入（明细）'!$C:$C,"<="&$G$4) -> 0
B78: 72 | C78: =IF('基础-办公用品信息'!C75="","-",'基础-办公用品信息'!C75) -> 封箱胶带 | D78: =IF('基础-办公用品信息'!D75="","-",'基础-办公用品信息'!D75) -> 筒 | E78: =IF('基础-办公用品信息'!E64="","-",'基础-办公用品信息'!E64) -> - | F78: =SUMIFS('领用录入（明细）'!$I:$I,'领用录入（明细）'!$F:$F,C78,'领用录入（明细）'!$C:$C,">="&$E$4,'领用录入（明细）'!$C:$C,"<="&$G$4) -> 0 | G78: =IFERROR(VLOOKUP(C78,'基础-办公用品信息'!$C:$G,4,0),"-") -> 7 | H78: =SUMIFS('领用录入（明细）'!K:K,'领用录入（明细）'!$F:$F,C78,'领用录入（明细）'!$C:$C,">="&$E$4,'领用录入（明细）'!$C:$C,"<="&$G$4) -> 0
B79: 73 | C79: =IF('基础-办公用品信息'!C76="","-",'基础-办公用品信息'!C76) -> 双面胶带宽 | D79: =IF('基础-办公用品信息'!D76="","-",'基础-办公用品信息'!D76) -> 卷 | E79: =IF('基础-办公用品信息'!E65="","-",'基础-办公用品信息'!E65) -> - | F79: =SUMIFS('领用录入（明细）'!$I:$I,'领用录入（明细）'!$F:$F,C79,'领用录入（明细）'!$C:$C,">="&$E$4,'领用录入（明细）'!$C:$C,"<="&$G$4) -> 0 | G79: =IFERROR(VLOOKUP(C79,'基础-办公用品信息'!$C:$G,4,0),"-") -> 20 | H79: =SUMIFS('领用录入（明细）'!K:K,'领用录入（明细）'!$F:$F,C79,'领用录入（明细）'!$C:$C,">="&$E$4,'领用录入（明细）'!$C:$C,"<="&$G$4) -> 0
B80: 74 | C80: =IF('基础-办公用品信息'!C77="","-",'基础-办公用品信息'!C77) -> 泡沫胶带 | D80: =IF('基础-办公用品信息'!D77="","-",'基础-办公用品信息'!D77) -> 卷 | E80: =IF('基础-办公用品信息'!E66="","-",'基础-办公用品信息'!E66) -> - | F80: =SUMIFS('领用录入（明细）'!$I:$I,'领用录入（明细）'!$F:$F,C80,'领用录入（明细）'!$C:$C,">="&$E$4,'领用录入（明细）'!$C:$C,"<="&$G$4) -> 0 | G80: =IFERROR(VLOOKUP(C80,'基础-办公用品信息'!$C:$G,4,0),"-") -> 0 | H80: =SUMIFS('领用录入（明细）'!K:K,'领用录入（明细）'!$F:$F,C80,'领用录入（明细）'!$C:$C,">="&$E$4,'领用录入（明细）'!$C:$C,"<="&$G$4) -> 0
B81: 75 | C81: =IF('基础-办公用品信息'!C78="","-",'基础-办公用品信息'!C78) -> 便利贴76*76mm | D81: =IF('基础-办公用品信息'!D78="","-",'基础-办公用品信息'!D78) -> 包 | E81: =IF('基础-办公用品信息'!E67="","-",'基础-办公用品信息'!E67) -> - | F81: =SUMIFS('领用录入（明细）'!$I:$I,'领用录入（明细）'!$F:$F,C81,'领用录入（明细）'!$C:$C,">="&$E$4,'领用录入（明细）'!$C:$C,"<="&$G$4) -> 0 | G81: =IFERROR(VLOOKUP(C81,'基础-办公用品信息'!$C:$G,4,0),"-") -> 2 | H81: =SUMIFS('领用录入（明细）'!K:K,'领用录入（明细）'!$F:$F,C81,'领用录入（明细）'!$C:$C,">="&$E$4,'领用录入（明细）'!$C:$C,"<="&$G$4) -> 0
B82: 76 | C82: =IF('基础-办公用品信息'!C79="","-",'基础-办公用品信息'!C79) -> 自粘性标签（大） | D82: =IF('基础-办公用品信息'!D79="","-",'基础-办公用品信息'!D79) -> 本 | E82: =IF('基础-办公用品信息'!E68="","-",'基础-办公用品信息'!E68) -> - | F82: =SUMIFS('领用录入（明细）'!$I:$I,'领用录入（明细）'!$F:$F,C82,'领用录入（明细）'!$C:$C,">="&$E$4,'领用录入（明细）'!$C:$C,"<="&$G$4) -> 0 | G82: =IFERROR(VLOOKUP(C82,'基础-办公用品信息'!$C:$G,4,0),"-") -> 0 | H82: =SUMIFS('领用录入（明细）'!K:K,'领用录入（明细）'!$F:$F,C82,'领用录入（明细）'!$C:$C,">="&$E$4,'领用录入（明细）'!$C:$C,"<="&$G$4) -> 0
B83: 77 | C83: =IF('基础-办公用品信息'!C80="","-",'基础-办公用品信息'!C80) -> 便利贴四色76*19mm | D83: =IF('基础-办公用品信息'!D80="","-",'基础-办公用品信息'!D80) -> 包 | E83: =IF('基础-办公用品信息'!E69="","-",'基础-办公用品信息'!E69) -> - | F83: =SUMIFS('领用录入（明细）'!$I:$I,'领用录入（明细）'!$F:$F,C83,'领用录入（明细）'!$C:$C,">="&$E$4,'领用录入（明细）'!$C:$C,"<="&$G$4) -> 0 | G83: =IFERROR(VLOOKUP(C83,'基础-办公用品信息'!$C:$G,4,0),"-") -> 0 | H83: =SUMIFS('领用录入（明细）'!K:K,'领用录入（明细）'!$F:$F,C83,'领用录入（明细）'!$C:$C,">="&$E$4,'领用录入（明细）'!$C:$C,"<="&$G$4) -> 0
B84: 78 | C84: =IF('基础-办公用品信息'!C81="","-",'基础-办公用品信息'!C81) -> 便利贴76*51mm | D84: =IF('基础-办公用品信息'!D81="","-",'基础-办公用品信息'!D81) -> 包 | E84: =IF('基础-办公用品信息'!E70="","-",'基础-办公用品信息'!E70) -> - | F84: =SUMIFS('领用录入（明细）'!$I:$I,'领用录入（明细）'!$F:$F,C84,'领用录入（明细）'!$C:$C,">="&$E$4,'领用录入（明细）'!$C:$C,"<="&$G$4) -> 0 | G84: =IFERROR(VLOOKUP(C84,'基础-办公用品信息'!$C:$G,4,0),"-") -> 0 | H84: =SUMIFS('领用录入（明细）'!K:K,'领用录入（明细）'!$F:$F,C84,'领用录入（明细）'!$C:$C,">="&$E$4,'领用录入（明细）'!$C:$C,"<="&$G$4) -> 0
B85: 79 | C85: =IF('基础-办公用品信息'!C82="","-",'基础-办公用品信息'!C82) -> 自粘性标签（小） | D85: =IF('基础-办公用品信息'!D82="","-",'基础-办公用品信息'!D82) -> 包 | E85: =IF('基础-办公用品信息'!#REF!="","-",'基础-办公用品信息'!#REF!) -> #REF! | F85: =SUMIFS('领用录入（明细）'!$I:$I,'领用录入（明细）'!$F:$F,C85,'领用录入（明细）'!$C:$C,">="&$E$4,'领用录入（明细）'!$C:$C,"<="&$G$4) -> 0 | G85: =IFERROR(VLOOKUP(C85,'基础-办公用品信息'!$C:$G,4,0),"-") -> 0 | H85: =SUMIFS('领用录入（明细）'!K:K,'领用录入（明细）'!$F:$F,C85,'领用录入（明细）'!$C:$C,">="&$E$4,'领用录入（明细）'!$C:$C,"<="&$G$4) -> 0
B86: 80 | C86: =IF('基础-办公用品信息'!C83="","-",'基础-办公用品信息'!C83) -> 用款申请单 | D86: =IF('基础-办公用品信息'!D83="","-",'基础-办公用品信息'!D83) -> 本 | E86: =IF('基础-办公用品信息'!E71="","-",'基础-办公用品信息'!E71) -> - | F86: =SUMIFS('领用录入（明细）'!$I:$I,'领用录入（明细）'!$F:$F,C86,'领用录入（明细）'!$C:$C,">="&$E$4,'领用录入（明细）'!$C:$C,"<="&$G$4) -> 0 | G86: =IFERROR(VLOOKUP(C86,'基础-办公用品信息'!$C:$G,4,0),"-") -> 0 | H86: =SUMIFS('领用录入（明细）'!K:K,'领用录入（明细）'!$F:$F,C86,'领用录入（明细）'!$C:$C,">="&$E$4,'领用录入（明细）'!$C:$C,"<="&$G$4) -> 0
B87: 81 | C87: =IF('基础-办公用品信息'!C84="","-",'基础-办公用品信息'!C84) -> 收据三联 | D87: =IF('基础-办公用品信息'!D84="","-",'基础-办公用品信息'!D84) -> 本 | E87: =IF('基础-办公用品信息'!E72="","-",'基础-办公用品信息'!E72) -> - | F87: =SUMIFS('领用录入（明细）'!$I:$I,'领用录入（明细）'!$F:$F,C87,'领用录入（明细）'!$C:$C,">="&$E$4,'领用录入（明细）'!$C:$C,"<="&$G$4) -> 0 | G87: =IFERROR(VLOOKUP(C87,'基础-办公用品信息'!$C:$G,4,0),"-") -> 1.5 | H87: =SUMIFS('领用录入（明细）'!K:K,'领用录入（明细）'!$F:$F,C87,'领用录入（明细）'!$C:$C,">="&$E$4,'领用录入（明细）'!$C:$C,"<="&$G$4) -> 0
B88: 82 | C88: =IF('基础-办公用品信息'!C85="","-",'基础-办公用品信息'!C85) -> 入库单两联 | D88: =IF('基础-办公用品信息'!D85="","-",'基础-办公用品信息'!D85) -> 本 | E88: =IF('基础-办公用品信息'!E73="","-",'基础-办公用品信息'!E73) -> - | F88: =SUMIFS('领用录入（明细）'!$I:$I,'领用录入（明细）'!$F:$F,C88,'领用录入（明细）'!$C:$C,">="&$E$4,'领用录入（明细）'!$C:$C,"<="&$G$4) -> 0 | G88: =IFERROR(VLOOKUP(C88,'基础-办公用品信息'!$C:$G,4,0),"-") -> 0 | H88: =SUMIFS('领用录入（明细）'!K:K,'领用录入（明细）'!$F:$F,C88,'领用录入（明细）'!$C:$C,">="&$E$4,'领用录入（明细）'!$C:$C,"<="&$G$4) -> 0
B89: 83 | C89: =IF('基础-办公用品信息'!C86="","-",'基础-办公用品信息'!C86) -> 出库单三联 | D89: =IF('基础-办公用品信息'!D86="","-",'基础-办公用品信息'!D86) -> 本 | E89: =IF('基础-办公用品信息'!E74="","-",'基础-办公用品信息'!E74) -> - | F89: =SUMIFS('领用录入（明细）'!$I:$I,'领用录入（明细）'!$F:$F,C89,'领用录入（明细）'!$C:$C,">="&$E$4,'领用录入（明细）'!$C:$C,"<="&$G$4) -> 0 | G89: =IFERROR(VLOOKUP(C89,'基础-办公用品信息'!$C:$G,4,0),"-") -> 0 | H89: =SUMIFS('领用录入（明细）'!K:K,'领用录入（明细）'!$F:$F,C89,'领用录入（明细）'!$C:$C,">="&$E$4,'领用录入（明细）'!$C:$C,"<="&$G$4) -> 0
B90: 84 | C90: =IF('基础-办公用品信息'!C87="","-",'基础-办公用品信息'!C87) -> 单据凭证 | D90: =IF('基础-办公用品信息'!D87="","-",'基础-办公用品信息'!D87) -> 本 | E90: =IF('基础-办公用品信息'!E75="","-",'基础-办公用品信息'!E75) -> - | F90: =SUMIFS('领用录入（明细）'!$I:$I,'领用录入（明细）'!$F:$F,C90,'领用录入（明细）'!$C:$C,">="&$E$4,'领用录入（明细）'!$C:$C,"<="&$G$4) -> 0 | G90: =IFERROR(VLOOKUP(C90,'基础-办公用品信息'!$C:$G,4,0),"-") -> 0 | H90: =SUMIFS('领用录入（明细）'!K:K,'领用录入（明细）'!$F:$F,C90,'领用录入（明细）'!$C:$C,">="&$E$4,'领用录入（明细）'!$C:$C,"<="&$G$4) -> 0
B91: 85 | C91: =IF('基础-办公用品信息'!C88="","-",'基础-办公用品信息'!C88) -> 罚款单 | D91: =IF('基础-办公用品信息'!D88="","-",'基础-办公用品信息'!D88) -> 本 | E91: =IF('基础-办公用品信息'!E76="","-",'基础-办公用品信息'!E76) -> - | F91: =SUMIFS('领用录入（明细）'!$I:$I,'领用录入（明细）'!$F:$F,C91,'领用录入（明细）'!$C:$C,">="&$E$4,'领用录入（明细）'!$C:$C,"<="&$G$4) -> 0 | G91: =IFERROR(VLOOKUP(C91,'基础-办公用品信息'!$C:$G,4,0),"-") -> 0 | H91: =SUMIFS('领用录入（明细）'!K:K,'领用录入（明细）'!$F:$F,C91,'领用录入（明细）'!$C:$C,">="&$E$4,'领用录入（明细）'!$C:$C,"<="&$G$4) -> 0
B92: 86 | C92: =IF('基础-办公用品信息'!C89="","-",'基础-办公用品信息'!C89) -> 定制信笺本A5 | D92: =IF('基础-办公用品信息'!D89="","-",'基础-办公用品信息'!D89) -> 本 | E92: =IF('基础-办公用品信息'!#REF!="","-",'基础-办公用品信息'!#REF!) -> #REF! | F92: =SUMIFS('领用录入（明细）'!$I:$I,'领用录入（明细）'!$F:$F,C92,'领用录入（明细）'!$C:$C,">="&$E$4,'领用录入（明细）'!$C:$C,"<="&$G$4) -> 0 | G92: =IFERROR(VLOOKUP(C92,'基础-办公用品信息'!$C:$G,4,0),"-") -> 0 | H92: =SUMIFS('领用录入（明细）'!K:K,'领用录入（明细）'!$F:$F,C92,'领用录入（明细）'!$C:$C,">="&$E$4,'领用录入（明细）'!$C:$C,"<="&$G$4) -> 0
B93: 87 | C93: =IF('基础-办公用品信息'!C90="","-",'基础-办公用品信息'!C90) -> 定制信笺本A4 | D93: =IF('基础-办公用品信息'!D90="","-",'基础-办公用品信息'!D90) -> 本 | E93: =IF('基础-办公用品信息'!E77="","-",'基础-办公用品信息'!E77) -> - | F93: =SUMIFS('领用录入（明细）'!$I:$I,'领用录入（明细）'!$F:$F,C93,'领用录入（明细）'!$C:$C,">="&$E$4,'领用录入（明细）'!$C:$C,"<="&$G$4) -> 0 | G93: =IFERROR(VLOOKUP(C93,'基础-办公用品信息'!$C:$G,4,0),"-") -> 0 | H93: =SUMIFS('领用录入（明细）'!K:K,'领用录入（明细）'!$F:$F,C93,'领用录入（明细）'!$C:$C,">="&$E$4,'领用录入（明细）'!$C:$C,"<="&$G$4) -> 0
B94: 88 | C94: =IF('基础-办公用品信息'!C91="","-",'基础-办公用品信息'!C91) -> 工作牌 | D94: =IF('基础-办公用品信息'!D91="","-",'基础-办公用品信息'!D91) -> 个 | E94: =IF('基础-办公用品信息'!E78="","-",'基础-办公用品信息'!E78) -> - | F94: =SUMIFS('领用录入（明细）'!$I:$I,'领用录入（明细）'!$F:$F,C94,'领用录入（明细）'!$C:$C,">="&$E$4,'领用录入（明细）'!$C:$C,"<="&$G$4) -> 0 | G94: =IFERROR(VLOOKUP(C94,'基础-办公用品信息'!$C:$G,4,0),"-") -> 0 | H94: =SUMIFS('领用录入（明细）'!K:K,'领用录入（明细）'!$F:$F,C94,'领用录入（明细）'!$C:$C,">="&$E$4,'领用录入（明细）'!$C:$C,"<="&$G$4) -> 0
B95: 89 | C95: =IF('基础-办公用品信息'!C92="","-",'基础-办公用品信息'!C92) -> 透明口罩 | D95: =IF('基础-办公用品信息'!D92="","-",'基础-办公用品信息'!D92) -> 个 | E95: =IF('基础-办公用品信息'!E79="","-",'基础-办公用品信息'!E79) -> - | F95: =SUMIFS('领用录入（明细）'!$I:$I,'领用录入（明细）'!$F:$F,C95,'领用录入（明细）'!$C:$C,">="&$E$4,'领用录入（明细）'!$C:$C,"<="&$G$4) -> 0 | G95: =IFERROR(VLOOKUP(C95,'基础-办公用品信息'!$C:$G,4,0),"-") -> 0 | H95: =SUMIFS('领用录入（明细）'!K:K,'领用录入（明细）'!$F:$F,C95,'领用录入（明细）'!$C:$C,">="&$E$4,'领用录入（明细）'!$C:$C,"<="&$G$4) -> 0
B96: 90 | C96: =IF('基础-办公用品信息'!C93="","-",'基础-办公用品信息'!C93) -> 蓝色口罩 | D96: =IF('基础-办公用品信息'!D93="","-",'基础-办公用品信息'!D93) -> 包 | E96: =IF('基础-办公用品信息'!E80="","-",'基础-办公用品信息'!E80) -> - | F96: =SUMIFS('领用录入（明细）'!$I:$I,'领用录入（明细）'!$F:$F,C96,'领用录入（明细）'!$C:$C,">="&$E$4,'领用录入（明细）'!$C:$C,"<="&$G$4) -> 0 | G96: =IFERROR(VLOOKUP(C96,'基础-办公用品信息'!$C:$G,4,0),"-") -> 0.3 | H96: =SUMIFS('领用录入（明细）'!K:K,'领用录入（明细）'!$F:$F,C96,'领用录入（明细）'!$C:$C,">="&$E$4,'领用录入（明细）'!$C:$C,"<="&$G$4) -> 0
B97: 91 | C97: =IF('基础-办公用品信息'!C94="","-",'基础-办公用品信息'!C94) -> 一次性纸杯50个/筒 | D97: =IF('基础-办公用品信息'!D94="","-",'基础-办公用品信息'!D94) -> 筒 | E97: =IF('基础-办公用品信息'!E81="","-",'基础-办公用品信息'!E81) -> - | F97: =SUMIFS('领用录入（明细）'!$I:$I,'领用录入（明细）'!$F:$F,C97,'领用录入（明细）'!$C:$C,">="&$E$4,'领用录入（明细）'!$C:$C,"<="&$G$4) -> 0 | G97: =IFERROR(VLOOKUP(C97,'基础-办公用品信息'!$C:$G,4,0),"-") -> 0.2 | H97: =SUMIFS('领用录入（明细）'!K:K,'领用录入（明细）'!$F:$F,C97,'领用录入（明细）'!$C:$C,">="&$E$4,'领用录入（明细）'!$C:$C,"<="&$G$4) -> 0
B98: 92 | C98: =IF('基础-办公用品信息'!C95="","-",'基础-办公用品信息'!C95) -> 黑色口罩 | D98: =IF('基础-办公用品信息'!D95="","-",'基础-办公用品信息'!D95) -> 盒 | E98: =IF('基础-办公用品信息'!E82="","-",'基础-办公用品信息'!E82) -> - | F98: =SUMIFS('领用录入（明细）'!$I:$I,'领用录入（明细）'!$F:$F,C98,'领用录入（明细）'!$C:$C,">="&$E$4,'领用录入（明细）'!$C:$C,"<="&$G$4) -> 0 | G98: =IFERROR(VLOOKUP(C98,'基础-办公用品信息'!$C:$G,4,0),"-") -> 0 | H98: =SUMIFS('领用录入（明细）'!K:K,'领用录入（明细）'!$F:$F,C98,'领用录入（明细）'!$C:$C,">="&$E$4,'领用录入（明细）'!$C:$C,"<="&$G$4) -> 0
B99: 93 | C99: =IF('基础-办公用品信息'!C96="","-",'基础-办公用品信息'!C96) -> 有线鼠标 | D99: =IF('基础-办公用品信息'!D96="","-",'基础-办公用品信息'!D96) -> 个 | E99: =IF('基础-办公用品信息'!E83="","-",'基础-办公用品信息'!E83) -> - | F99: =SUMIFS('领用录入（明细）'!$I:$I,'领用录入（明细）'!$F:$F,C99,'领用录入（明细）'!$C:$C,">="&$E$4,'领用录入（明细）'!$C:$C,"<="&$G$4) -> 0 | G99: =IFERROR(VLOOKUP(C99,'基础-办公用品信息'!$C:$G,4,0),"-") -> 30 | H99: =SUMIFS('领用录入（明细）'!K:K,'领用录入（明细）'!$F:$F,C99,'领用录入（明细）'!$C:$C,">="&$E$4,'领用录入（明细）'!$C:$C,"<="&$G$4) -> 0
B100: 94 | C100: =IF('基础-办公用品信息'!C97="","-",'基础-办公用品信息'!C97) -> 键盘 | D100: =IF('基础-办公用品信息'!D97="","-",'基础-办公用品信息'!D97) -> 个 | E100: =IF('基础-办公用品信息'!E84="","-",'基础-办公用品信息'!E84) -> - | F100: =SUMIFS('领用录入（明细）'!$I:$I,'领用录入（明细）'!$F:$F,C100,'领用录入（明细）'!$C:$C,">="&$E$4,'领用录入（明细）'!$C:$C,"<="&$G$4) -> 0 | G100: =IFERROR(VLOOKUP(C100,'基础-办公用品信息'!$C:$G,4,0),"-") -> 0 | H100: =SUMIFS('领用录入（明细）'!K:K,'领用录入（明细）'!$F:$F,C100,'领用录入（明细）'!$C:$C,">="&$E$4,'领用录入（明细）'!$C:$C,"<="&$G$4) -> 0
B101: 95 | C101: =IF('基础-办公用品信息'!C98="","-",'基础-办公用品信息'!C98) -> 无线接收器水星 | D101: =IF('基础-办公用品信息'!D98="","-",'基础-办公用品信息'!D98) -> 个 | E101: =IF('基础-办公用品信息'!#REF!="","-",'基础-办公用品信息'!#REF!) -> #REF! | F101: =SUMIFS('领用录入（明细）'!$I:$I,'领用录入（明细）'!$F:$F,C101,'领用录入（明细）'!$C:$C,">="&$E$4,'领用录入（明细）'!$C:$C,"<="&$G$4) -> 0 | G101: =IFERROR(VLOOKUP(C101,'基础-办公用品信息'!$C:$G,4,0),"-") -> 0 | H101: =SUMIFS('领用录入（明细）'!K:K,'领用录入（明细）'!$F:$F,C101,'领用录入（明细）'!$C:$C,">="&$E$4,'领用录入（明细）'!$C:$C,"<="&$G$4) -> 0
B102: 96 | C102: =IF('基础-办公用品信息'!C99="","-",'基础-办公用品信息'!C99) -> 无线接收器TP-Link | D102: =IF('基础-办公用品信息'!D99="","-",'基础-办公用品信息'!D99) -> 个 | E102: =IF('基础-办公用品信息'!E85="","-",'基础-办公用品信息'!E85) -> - | F102: =SUMIFS('领用录入（明细）'!$I:$I,'领用录入（明细）'!$F:$F,C102,'领用录入（明细）'!$C:$C,">="&$E$4,'领用录入（明细）'!$C:$C,"<="&$G$4) -> 0 | G102: =IFERROR(VLOOKUP(C102,'基础-办公用品信息'!$C:$G,4,0),"-") -> 0 | H102: =SUMIFS('领用录入（明细）'!K:K,'领用录入（明细）'!$F:$F,C102,'领用录入（明细）'!$C:$C,">="&$E$4,'领用录入（明细）'!$C:$C,"<="&$G$4) -> 0
B103: 97 | C103: =IF('基础-办公用品信息'!C100="","-",'基础-办公用品信息'!C100) -> 红外体温计倍尔康 | D103: =IF('基础-办公用品信息'!D100="","-",'基础-办公用品信息'!D100) -> 个 | E103: =IF('基础-办公用品信息'!#REF!="","-",'基础-办公用品信息'!#REF!) -> #REF! | F103: =SUMIFS('领用录入（明细）'!$I:$I,'领用录入（明细）'!$F:$F,C103,'领用录入（明细）'!$C:$C,">="&$E$4,'领用录入（明细）'!$C:$C,"<="&$G$4) -> 0 | G103: =IFERROR(VLOOKUP(C103,'基础-办公用品信息'!$C:$G,4,0),"-") -> 0 | H103: =SUMIFS('领用录入（明细）'!K:K,'领用录入（明细）'!$F:$F,C103,'领用录入（明细）'!$C:$C,">="&$E$4,'领用录入（明细）'!$C:$C,"<="&$G$4) -> 0
B104: 98 | C104: =IF('基础-办公用品信息'!C101="","-",'基础-办公用品信息'!C101) -> 硬盘绿联2.5英寸 | D104: =IF('基础-办公用品信息'!D101="","-",'基础-办公用品信息'!D101) -> 个 | E104: =IF('基础-办公用品信息'!#REF!="","-",'基础-办公用品信息'!#REF!) -> #REF! | F104: =SUMIFS('领用录入（明细）'!$I:$I,'领用录入（明细）'!$F:$F,C104,'领用录入（明细）'!$C:$C,">="&$E$4,'领用录入（明细）'!$C:$C,"<="&$G$4) -> 0 | G104: =IFERROR(VLOOKUP(C104,'基础-办公用品信息'!$C:$G,4,0),"-") -> 0 | H104: =SUMIFS('领用录入（明细）'!K:K,'领用录入（明细）'!$F:$F,C104,'领用录入（明细）'!$C:$C,">="&$E$4,'领用录入（明细）'!$C:$C,"<="&$G$4) -> 0
B105: 99 | C105: =IF('基础-办公用品信息'!C102="","-",'基础-办公用品信息'!C102) -> PPT翻页笔诺为 | D105: =IF('基础-办公用品信息'!D102="","-",'基础-办公用品信息'!D102) -> 支 | E105: =IF('基础-办公用品信息'!#REF!="","-",'基础-办公用品信息'!#REF!) -> #REF! | F105: =SUMIFS('领用录入（明细）'!$I:$I,'领用录入（明细）'!$F:$F,C105,'领用录入（明细）'!$C:$C,">="&$E$4,'领用录入（明细）'!$C:$C,"<="&$G$4) -> 0 | G105: =IFERROR(VLOOKUP(C105,'基础-办公用品信息'!$C:$G,4,0),"-") -> 0 | H105: =SUMIFS('领用录入（明细）'!K:K,'领用录入（明细）'!$F:$F,C105,'领用录入（明细）'!$C:$C,">="&$E$4,'领用录入（明细）'!$C:$C,"<="&$G$4) -> 0
...

Sheet 期初库存
B2: 期初库存（设置） | K2: 数量 | L2: 金额
B3: NO: | C3: 办公用品名称 | D3: 单位 | E3: 型号 | F3: 单价 | G3: 期初数量 | H3: 金额 | K3: =SUM(G4:G275) -> 5908 | L3: =SUM(H4:H275) -> 14754.75
B4: 1 | C4: =IF('基础-办公用品信息'!C4="","-",'基础-办公用品信息'!C4) -> A3打印纸 | D4: =IF('基础-办公用品信息'!D4="","-",'基础-办公用品信息'!D4) -> 包 | E4: =IF('基础-办公用品信息'!E4="","-",'基础-办公用品信息'!E4) -> - | F4: =IFERROR(VLOOKUP(C4,'基础-办公用品信息'!$C:$G,4,0),"-") -> 175 | G4: 19 | H4: =IFERROR(F4*G4,"") -> 3325
B5: 2 | C5: =IF('基础-办公用品信息'!C5="","-",'基础-办公用品信息'!C5) -> A4打印纸 | D5: =IF('基础-办公用品信息'!D5="","-",'基础-办公用品信息'!D5) -> 包 | E5: =IF('基础-办公用品信息'!E5="","-",'基础-办公用品信息'!E5) -> - | F5: =IFERROR(VLOOKUP(C5,'基础-办公用品信息'!$C:$G,4,0),"-") -> 175 | G5: 40 | H5: =IFERROR(F5*G5,"") -> 7000
B6: 3 | C6: =IF('基础-办公用品信息'!C6="","-",'基础-办公用品信息'!C6) -> A4装订封面纸 | D6: =IF('基础-办公用品信息'!D6="","-",'基础-办公用品信息'!D6) -> 包 | E6: =IF('基础-办公用品信息'!E6="","-",'基础-办公用品信息'!E6) -> - | F6: =IFERROR(VLOOKUP(C6,'基础-办公用品信息'!$C:$G,4,0),"-") -> 18 | G6: 1 | H6: =IFERROR(F6*G6,"") -> 18
B7: 4 | C7: =IF('基础-办公用品信息'!C7="","-",'基础-办公用品信息'!C7) -> A4复印纸蓝色 | D7: =IF('基础-办公用品信息'!D7="","-",'基础-办公用品信息'!D7) -> 包 | E7: =IF('基础-办公用品信息'!E7="","-",'基础-办公用品信息'!E7) -> - | F7: =IFERROR(VLOOKUP(C7,'基础-办公用品信息'!$C:$G,4,0),"-") -> 0 | G7: 1 | H7: =IFERROR(F7*G7,"") -> 0
B8: 5 | C8: =IF('基础-办公用品信息'!C8="","-",'基础-办公用品信息'!C8) -> A4复印纸红色 | D8: =IF('基础-办公用品信息'!D8="","-",'基础-办公用品信息'!D8) -> 包 | E8: =IF('基础-办公用品信息'!E8="","-",'基础-办公用品信息'!E8) -> - | F8: =IFERROR(VLOOKUP(C8,'基础-办公用品信息'!$C:$G,4,0),"-") -> 0 | G8: 5 | H8: =IFERROR(F8*G8,"") -> 0
B9: 6 | C9: =IF('基础-办公用品信息'!C9="","-",'基础-办公用品信息'!C9) -> A4白卡纸180克荷兰白卡 | D9: =IF('基础-办公用品信息'!D9="","-",'基础-办公用品信息'!D9) -> 包 | E9: =IF('基础-办公用品信息'!E9="","-",'基础-办公用品信息'!E9) -> - | F9: =IFERROR(VLOOKUP(C9,'基础-办公用品信息'!$C:$G,4,0),"-") -> 0 | G9: 0 | H9: =IFERROR(F9*G9,"") -> 0
B10: 7 | C10: =IF('基础-办公用品信息'!C10="","-",'基础-办公用品信息'!C10) -> 定制会议本牛皮A4 | D10: =IF('基础-办公用品信息'!D10="","-",'基础-办公用品信息'!D10) -> 本 | E10: =IF('基础-办公用品信息'!E10="","-",'基础-办公用品信息'!E10) -> - | F10: =IFERROR(VLOOKUP(C10,'基础-办公用品信息'!$C:$G,4,0),"-") -> 0 | G10: 15 | H10: =IFERROR(F10*G10,"") -> 0
B11: 8 | C11: =IF('基础-办公用品信息'!C11="","-",'基础-办公用品信息'!C11) -> 定制会议本活页B5 | D11: =IF('基础-办公用品信息'!D11="","-",'基础-办公用品信息'!D11) -> 本 | E11: =IF('基础-办公用品信息'!E11="","-",'基础-办公用品信息'!E11) -> - | F11: =IFERROR(VLOOKUP(C11,'基础-办公用品信息'!$C:$G,4,0),"-") -> 0 | G11: 0 | H11: =IFERROR(F11*G11,"") -> 0
B12: 9 | C12: =IF('基础-办公用品信息'!C12="","-",'基础-办公用品信息'!C12) -> 定制会议便签本牛皮书写夹板A4 | D12: =IF('基础-办公用品信息'!D12="","-",'基础-办公用品信息'!D12) -> 本 | E12: =IF('基础-办公用品信息'!E12="","-",'基础-办公用品信息'!E12) -> - | F12: =IFERROR(VLOOKUP(C12,'基础-办公用品信息'!$C:$G,4,0),"-") -> 0 | G12: 14 | H12: =IFERROR(F12*G12,"") -> 0
B13: 10 | C13: =IF('基础-办公用品信息'!C13="","-",'基础-办公用品信息'!C13) -> 会议记录本皮面黑色 | D13: =IF('基础-办公用品信息'!D13="","-",'基础-办公用品信息'!D13) -> 本 | E13: =IF('基础-办公用品信息'!E13="","-",'基础-办公用品信息'!E13) -> - | F13: =IFERROR(VLOOKUP(C13,'基础-办公用品信息'!$C:$G,4,0),"-") -> 7.5 | G13: 4 | H13: =IFERROR(F13*G13,"") -> 30
B14: 11 | C14: =IF('基础-办公用品信息'!C14="","-",'基础-办公用品信息'!C14) -> office本32k | D14: =IF('基础-办公用品信息'!D14="","-",'基础-办公用品信息'!D14) -> 本 | E14: =IF('基础-办公用品信息'!E14="","-",'基础-办公用品信息'!E14) -> - | F14: =IFERROR(VLOOKUP(C14,'基础-办公用品信息'!$C:$G,4,0),"-") -> 0 | G14: 21 | H14: =IFERROR(F14*G14,"") -> 0
B15: 12 | C15: =IF('基础-办公用品信息'!C15="","-",'基础-办公用品信息'!C15) -> 软面抄100 | D15: =IF('基础-办公用品信息'!D15="","-",'基础-办公用品信息'!D15) -> 本 | E15: =IF('基础-办公用品信息'!E15="","-",'基础-办公用品信息'!E15) -> - | F15: =IFERROR(VLOOKUP(C15,'基础-办公用品信息'!$C:$G,4,0),"-") -> 1.5 | G15: 37 | H15: =IFERROR(F15*G15,"") -> 55.5
... B23: 23 | C23: =IF('基础-办公用品信息'!C23="","-",'基础-办公用品信息'!C23) -> 三角抽杆文件夹 | D23: =IF('基础-办公用品信息'!D23="","-",'基础-办公用品信息'!D23) -> 本 | E23: =IF('基础-办公用品信息'!E23="","-",'基础-办公用品信息'!E23) -> - | F23: =IFERROR(VLOOKUP(C23,'基础-办公用品信息'!$C:$G,4,0),"-") -> 0.55 | G23: 63 | H23: =IFERROR(F23*G23,"") -> 34.65
B24: 25 | C24: =IF('基础-办公用品信息'!C24="","-",'基础-办公用品信息'!C24) -> 塑料文件架 | D24: =IF('基础-办公用品信息'!D24="","-",'基础-办公用品信息'!D24) -> 只 | E24: =IF('基础-办公用品信息'!E25="","-",'基础-办公用品信息'!E25) -> - | F24: =IFERROR(VLOOKUP(C24,'基础-办公用品信息'!$C:$G,4,0),"-") -> 18 | G24: 0 | H24: =IFERROR(F24*G24,"") -> 0
B25: 26 | C25: =IF('基础-办公用品信息'!C25="","-",'基础-办公用品信息'!C25) -> 文件夹，纸板夹 | D25: =IF('基础-办公用品信息'!D25="","-",'基础-办公用品信息'!D25) -> 本 | E25: =IF('基础-办公用品信息'!E26="","-",'基础-办公用品信息'!E26) -> - | F25: =IFERROR(VLOOKUP(C25,'基础-办公用品信息'!$C:$G,4,0),"-") -> 5 | G25: 15 | H25: =IFERROR(F25*G25,"") -> 75
B26: 27 | C26: =IF('基础-办公用品信息'!C26="","-",'基础-办公用品信息'!C26) -> 文件夹，塑料皮 | D26: =IF('基础-办公用品信息'!D26="","-",'基础-办公用品信息'!D26) -> 本 | E26: =IF('基础-办公用品信息'!E27="","-",'基础-办公用品信息'!E27) -> - | F26: =IFERROR(VLOOKUP(C26,'基础-办公用品信息'!$C:$G,4,0),"-") -> 6.5 | G26: 0 | H26: =IFERROR(F26*G26,"") -> 0
B27: 28 | C27: =IF('基础-办公用品信息'!C27="","-",'基础-办公用品信息'!C27) -> 网格拉链袋 | D27: =IF('基础-办公用品信息'!D27="","-",'基础-办公用品信息'!D27) -> 只 | E27: =IF('基础-办公用品信息'!E27="","-",'基础-办公用品信息'!E27) -> - | F27: =IFERROR(VLOOKUP(C27,'基础-办公用品信息'!$C:$G,4,0),"-") -> 0 | G27: 9 | H27: =IFERROR(F27*G27,"") -> 0
B28: 29 | C28: =IF('基础-办公用品信息'!C28="","-",'基础-办公用品信息'!C28) -> 书写夹板A5 | D28: =IF('基础-办公用品信息'!D28="","-",'基础-办公用品信息'!D28) -> 只 | E28: =IF('基础-办公用品信息'!E28="","-",'基础-办公用品信息'!E28) -> - | F28: =IFERROR(VLOOKUP(C28,'基础-办公用品信息'!$C:$G,4,0),"-") -> 0 | G28: 0 | H28: =IFERROR(F28*G28,"") -> 0
B29: 30 | C29: =IF('基础-办公用品信息'!C29="","-",'基础-办公用品信息'!C29) -> 铁书挡（小） | D29: =IF('基础-办公用品信息'!D29="","-",'基础-办公用品信息'!D29) -> 只 | E29: =IF('基础-办公用品信息'!E29="","-",'基础-办公用品信息'!E29) -> - | F29: =IFERROR(VLOOKUP(C29,'基础-办公用品信息'!$C:$G,4,0),"-") -> 0 | G29: 6 | H29: =IFERROR(F29*G29,"") -> 0
B30: 31 | C30: =IF('基础-办公用品信息'!C30="","-",'基础-办公用品信息'!C30) -> 铁书挡（大） | D30: =IF('基础-办公用品信息'!D30="","-",'基础-办公用品信息'!D30) -> 只 | E30: =IF('基础-办公用品信息'!E30="","-",'基础-办公用品信息'!E30) -> - | F30: =IFERROR(VLOOKUP(C30,'基础-办公用品信息'!$C:$G,4,0),"-") -> 0 | G30: 6 | H30: =IFERROR(F30*G30,"") -> 0
B31: 32 | C31: =IF('基础-办公用品信息'!C31="","-",'基础-办公用品信息'!C31) -> 水笔黑色 | D31: =IF('基础-办公用品信息'!D31="","-",'基础-办公用品信息'!D31) -> 支 | E31: =IF('基础-办公用品信息'!E31="","-",'基础-办公用品信息'!E31) -> - | F31: =IFERROR(VLOOKUP(C31,'基础-办公用品信息'!$C:$G,4,0),"-") -> 1.3 | G31: 156 | H31: =IFERROR(F31*G31,"") -> 202.8
B32: 33 | C32: =IF('基础-办公用品信息'!C32="","-",'基础-办公用品信息'!C32) -> 水笔红色 | D32: =IF('基础-办公用品信息'!D32="","-",'基础-办公用品信息'!D32) -> 支 | E32: =IF('基础-办公用品信息'!E32="","-",'基础-办公用品信息'!E32) -> - | F32: =IFERROR(VLOOKUP(C32,'基础-办公用品信息'!$C:$G,4,0),"-") -> 1.3 | G32: 15 | H32: =IFERROR(F32*G32,"") -> 19.5
B33: 34 | C33: =IF('基础-办公用品信息'!C33="","-",'基础-办公用品信息'!C33) -> 按压水笔黑色 | D33: =IF('基础-办公用品信息'!D33="","-",'基础-办公用品信息'!D33) -> 支 | E33: =IF('基础-办公用品信息'!E33="","-",'基础-办公用品信息'!E33) -> - | F33: =IFERROR(VLOOKUP(C33,'基础-办公用品信息'!$C:$G,4,0),"-") -> 2 | G33: 22 | H33: =IFERROR(F33*G33,"") -> 44
B34: 35 | C34: =IF('基础-办公用品信息'!C34="","-",'基础-办公用品信息'!C34) -> 笔芯 | D34: =IF('基础-办公用品信息'!D34="","-",'基础-办公用品信息'!D34) -> 支 | E34: =IF('基础-办公用品信息'!E34="","-",'基础-办公用品信息'!E34) -> - | F34: =IFERROR(VLOOKUP(C34,'基础-办公用品信息'!$C:$G,4,0),"-") -> 0 | G34: 66 | H34: =IFERROR(F34*G34,"") -> 0
B35: 39 | C35: =IF('基础-办公用品信息'!C35="","-",'基础-办公用品信息'!C35) -> 台笔 | D35: =IF('基础-办公用品信息'!D35="","-",'基础-办公用品信息'!D35) -> 支 | E35: =IF('基础-办公用品信息'!E35="","-",'基础-办公用品信息'!E35) -> - | F35: =IFERROR(VLOOKUP(C35,'基础-办公用品信息'!$C:$G,4,0),"-") -> 0 | G35: 2 | H35: =IFERROR(F35*G35,"") -> 0
B36: 40 | C36: =IF('基础-办公用品信息'!C36="","-",'基础-办公用品信息'!C36) -> 记号笔黑色 | D36: =IF('基础-办公用品信息'!D36="","-",'基础-办公用品信息'!D36) -> 支 | E36: =IF('基础-办公用品信息'!E36="","-",'基础-办公用品信息'!E36) -> - | F36: =IFERROR(VLOOKUP(C36,'基础-办公用品信息'!$C:$G,4,0),"-") -> 0.5 | G36: 84 | H36: =IFERROR(F36*G36,"") -> 42
B37: 41 | C37: =IF('基础-办公用品信息'!C37="","-",'基础-办公用品信息'!C37) -> 记号笔红色 | D37: =IF('基础-办公用品信息'!D37="","-",'基础-办公用品信息'!D37) -> 支 | E37: =IF('基础-办公用品信息'!E37="","-",'基础-办公用品信息'!E37) -> - | F37: =IFERROR(VLOOKUP(C37,'基础-办公用品信息'!$C:$G,4,0),"-") -> 0.5 | G37: 98 | H37: =IFERROR(F37*G37,"") -> 49
B38: 42 | C38: =IF('基础-办公用品信息'!C38="","-",'基础-办公用品信息'!C38) -> 扑克 | D38: =IF('基础-办公用品信息'!D38="","-",'基础-办公用品信息'!D38) -> 盒 | E38: =IF('基础-办公用品信息'!E38="","-",'基础-办公用品信息'!E38) -> - | F38: =IFERROR(VLOOKUP(C38,'基础-办公用品信息'!$C:$G,4,0),"-") -> 1.4 | G38: 46 | H38: =IFERROR(F38*G38,"") -> 64.4
... B80: 90 | C80: =IF('基础-办公用品信息'!C80="","-",'基础-办公用品信息'!C80) -> 便利贴四色76*19mm | D80: =IF('基础-办公用品信息'!D80="","-",'基础-办公用品信息'!D80) -> 包 | E80: =IF('基础-办公用品信息'!E80="","-",'基础-办公用品信息'!E80) -> - | F80: =IFERROR(VLOOKUP(C80,'基础-办公用品信息'!$C:$G,4,0),"-") -> 0 | G80: 5 | H80: =IFERROR(F80*G80,"") -> 0
B81: 92 | C81: =IF('基础-办公用品信息'!C82="","-",'基础-办公用品信息'!C82) -> 自粘性标签（小） | D81: =IF('基础-办公用品信息'!D82="","-",'基础-办公用品信息'!D82) -> 包 | E81: =IF('基础-办公用品信息'!E82="","-",'基础-办公用品信息'!E82) -> - | F81: =IFERROR(VLOOKUP(C81,'基础-办公用品信息'!$C:$G,4,0),"-") -> 0 | G81: 21 | H81: =IFERROR(F81*G81,"") -> 0
B82: 93 | C82: =IF('基础-办公用品信息'!C83="","-",'基础-办公用品信息'!C83) -> 用款申请单 | D82: =IF('基础-办公用品信息'!D83="","-",'基础-办公用品信息'!D83) -> 本 | E82: =IF('基础-办公用品信息'!E83="","-",'基础-办公用品信息'!E83) -> - | F82: =IFERROR(VLOOKUP(C82,'基础-办公用品信息'!$C:$G,4,0),"-") -> 0 | G82: 1000 | H82: =IFERROR(F82*G82,"") -> 0
B83: 94 | C83: =IF('基础-办公用品信息'!C84="","-",'基础-办公用品信息'!C84) -> 收据三联 | D83: =IF('基础-办公用品信息'!D84="","-",'基础-办公用品信息'!D84) -> 本 | E83: =IF('基础-办公用品信息'!E84="","-",'基础-办公用品信息'!E84) -> - | F83: =IFERROR(VLOOKUP(C83,'基础-办公用品信息'!$C:$G,4,0),"-") -> 1.5 | G83: 1000 | H83: =IFERROR(F83*G83,"") -> 1500
B84: 96 | C84: =IF('基础-办公用品信息'!C85="","-",'基础-办公用品信息'!C85) -> 入库单两联 | D84: =IF('基础-办公用品信息'!D85="","-",'基础-办公用品信息'!D85) -> 本 | E84: =IF('基础-办公用品信息'!E85="","-",'基础-办公用品信息'!E85) -> - | F84: =IFERROR(VLOOKUP(C84,'基础-办公用品信息'!$C:$G,4,0),"-") -> 0 | G84: 28 | H84: =IFERROR(F84*G84,"") -> 0
B85: 97 | C85: =IF('基础-办公用品信息'!C86="","-",'基础-办公用品信息'!C86) -> 出库单三联 | D85: =IF('基础-办公用品信息'!D86="","-",'基础-办公用品信息'!D86) -> 本 | E85: =IF('基础-办公用品信息'!E86="","-",'基础-办公用品信息'!E86) -> - | F85: =IFERROR(VLOOKUP(C85,'基础-办公用品信息'!$C:$G,4,0),"-") -> 0 | G85: 47 | H85: =IFERROR(F85*G85,"") -> 0
B86: 99 | C86: =IF('基础-办公用品信息'!C87="","-",'基础-办公用品信息'!C87) -> 单据凭证 | D86: =IF('基础-办公用品信息'!D87="","-",'基础-办公用品信息'!D87) -> 本 | E86: =IF('基础-办公用品信息'!E87="","-",'基础-办公用品信息'!E87) -> - | F86: =IFERROR(VLOOKUP(C86,'基础-办公用品信息'!$C:$G,4,0),"-") -> 0 | G86: 30 | H86: =IFERROR(F86*G86,"") -> 0
B87: 100 | C87: =IF('基础-办公用品信息'!C88="","-",'基础-办公用品信息'!C88) -> 罚款单 | D87: =IF('基础-办公用品信息'!D88="","-",'基础-办公用品信息'!D88) -> 本 | E87: =IF('基础-办公用品信息'!E88="","-",'基础-办公用品信息'!E88) -> - | F87: =IFERROR(VLOOKUP(C87,'基础-办公用品信息'!$C:$G,4,0),"-") -> 0 | G87: 25 | H87: =IFERROR(F87*G87,"") -> 0
B88: 101 | C88: =IF('基础-办公用品信息'!C89="","-",'基础-办公用品信息'!C89) -> 定制信笺本A5 | D88: =IF('基础-办公用品信息'!D89="","-",'基础-办公用品信息'!D89) -> 本 | E88: =IF('基础-办公用品信息'!E89="","-",'基础-办公用品信息'!E89) -> - | F88: =IFERROR(VLOOKUP(C88,'基础-办公用品信息'!$C:$G,4,0),"-") -> 0 | G88: 300 | H88: =IFERROR(F88*G88,"") -> 0
B89: 102 | C89: =IF('基础-办公用品信息'!C90="","-",'基础-办公用品信息'!C90) -> 定制信笺本A4 | D89: =IF('基础-办公用品信息'!D90="","-",'基础-办公用品信息'!D90) -> 本 | E89: =IF('基础-办公用品信息'!E90="","-",'基础-办公用品信息'!E90) -> - | F89: =IFERROR(VLOOKUP(C89,'基础-办公用品信息'!$C:$G,4,0),"-") -> 0 | G89: 300 | H89: =IFERROR(F89*G89,"") -> 0
B90: 103 | C90: =IF('基础-办公用品信息'!C91="","-",'基础-办公用品信息'!C91) -> 工作牌 | D90: =IF('基础-办公用品信息'!D91="","-",'基础-办公用品信息'!D91) -> 个 | E90: =IF('基础-办公用品信息'!E91="","-",'基础-办公用品信息'!E91) -> - | F90: =IFERROR(VLOOKUP(C90,'基础-办公用品信息'!$C:$G,4,0),"-") -> 0 | G90: 0 | H90: =IFERROR(F90*G90,"") -> 0
B91: 104 | C91: =IF('基础-办公用品信息'!C92="","-",'基础-办公用品信息'!C92) -> 透明口罩 | D91: =IF('基础-办公用品信息'!D92="","-",'基础-办公用品信息'!D92) -> 个 | E91: =IF('基础-办公用品信息'!E92="","-",'基础-办公用品信息'!E92) -> - | F91: =IFERROR(VLOOKUP(C91,'基础-办公用品信息'!$C:$G,4,0),"-") -> 0 | G91: 8 | H91: =IFERROR(F91*G91,"") -> 0
B92: 105 | C92: =IF('基础-办公用品信息'!C93="","-",'基础-办公用品信息'!C93) -> 蓝色口罩 | D92: =IF('基础-办公用品信息'!D93="","-",'基础-办公用品信息'!D93) -> 包 | E92: =IF('基础-办公用品信息'!E93="","-",'基础-办公用品信息'!E93) -> - | F92: =IFERROR(VLOOKUP(C92,'基础-办公用品信息'!$C:$G,4,0),"-") -> 0.3 | G92: 440 | H92: =IFERROR(F92*G92,"") -> 132
... B132: 153 | C132: =IF('基础-办公用品信息'!C133="","-",'基础-办公用品信息'!C133) -> 差旅报销单 | D132: =IF('基础-办公用品信息'!D133="","-",'基础-办公用品信息'!D133) -> 本 | E132: =IF('基础-办公用品信息'!E133="","-",'基础-办公用品信息'!E133) -> - | F132: =IFERROR(VLOOKUP(C132,'基础-办公用品信息'!$C:$G,4,0),"-") -> 1.5 | G132: 49 | H132: =IFERROR(F132*G132,"") -> 73.5
B133: 154 | C133: =IF('基础-办公用品信息'!C134="","-",'基础-办公用品信息'!C134) -> 刀笔 | D133: =IF('基础-办公用品信息'!D134="","-",'基础-办公用品信息'!D134) -> 支 | E133: =IF('基础-办公用品信息'!E134="","-",'基础-办公用品信息'!E134) -> - | F133: =IFERROR(VLOOKUP(C133,'基础-办公用品信息'!$C:$G,4,0),"-") -> 0.32 | G133: 43 | H133: =IFERROR(F133*#REF!,"")
B134: 156 | C134: =IF('基础-办公用品信息'!C135="","-",'基础-办公用品信息'!C135) -> 方形单色印台得力红色 | D134: =IF('基础-办公用品信息'!D136="","-",'基础-办公用品信息'!D136) -> 个 | E134: =IF('基础-办公用品信息'!E136="","-",'基础-办公用品信息'!E136) -> - | F134: =IFERROR(VLOOKUP(C134,'基础-办公用品信息'!$C:$G,4,0),"-") -> 9 | G134: 0 | H134: =IFERROR(F134*G134,"") -> 0
B135: 157 | C135: =IF('基础-办公用品信息'!C135="","-",'基础-办公用品信息'!C135) -> 方形单色印台得力红色 | D135: =IF('基础-办公用品信息'!D135="","-",'基础-办公用品信息'!D135) -> 个 | E135: =IF('基础-办公用品信息'!E137="","-",'基础-办公用品信息'!E137) -> - | F135: =IFERROR(VLOOKUP(C135,'基础-办公用品信息'!$C:$G,4,0),"-") -> 9 | G135: 0 | H135: =IFERROR(F135*G135,"") -> 0
B136: 158 | C136: =IF('基础-办公用品信息'!C136="","-",'基础-办公用品信息'!C136) -> 台笔 | D136: =IF('基础-办公用品信息'!D136="","-",'基础-办公用品信息'!D136) -> 个 | E136: =IF('基础-办公用品信息'!E136="","-",'基础-办公用品信息'!E136) -> - | F136: =IFERROR(VLOOKUP(C136,'基础-办公用品信息'!$C:$G,4,0),"-") -> 0 | G136: 2 | H136: =IFERROR(F136*G136,"") -> 0
B137: 159 | C137: =IF('基础-办公用品信息'!C137="","-",'基础-办公用品信息'!C137) -> 用款申请单 | D137: =IF('基础-办公用品信息'!D137="","-",'基础-办公用品信息'!D137) -> 个 | E137: =IF('基础-办公用品信息'!E137="","-",'基础-办公用品信息'!E137) -> - | F137: =IFERROR(VLOOKUP(C137,'基础-办公用品信息'!$C:$G,4,0),"-") -> 0 | G137: 300 | H137: =IFERROR(F137*G137,"") -> 0
B138: 160 | C138: =IF('基础-办公用品信息'!C138="","-",'基础-办公用品信息'!C138) -> 笔记本 | D138: =IF('基础-办公用品信息'!D138="","-",'基础-办公用品信息'!D138) -> 个 | E138: =IF('基础-办公用品信息'!E138="","-",'基础-办公用品信息'!E138) -> - | F138: =IFERROR(VLOOKUP(C138,'基础-办公用品信息'!$C:$G,4,0),"-") -> 0 | G138: 3 | H138: =IFERROR(F138*G138,"") -> 0
B139: 161 | C139: =IF('基础-办公用品信息'!C139="","-",'基础-办公用品信息'!C139) -> 键盘 | D139: =IF('基础-办公用品信息'!D139="","-",'基础-办公用品信息'!D139) -> 个 | E139: =IF('基础-办公用品信息'!E139="","-",'基础-办公用品信息'!E139) -> - | F139: =IFERROR(VLOOKUP(C139,'基础-办公用品信息'!$C:$G,4,0),"-") -> 0 | G139: 2 | H139: =IFERROR(F139*G139,"") -> 0
B140: 162 | C140: =IF('基础-办公用品信息'!C140="","-",'基础-办公用品信息'!C140) -> 84消毒液 | D140: =IF('基础-办公用品信息'!D140="","-",'基础-办公用品信息'!D140) -> 桶 | E140: =IF('基础-办公用品信息'!E140="","-",'基础-办公用品信息'!E140) -> - | F140: =IFERROR(VLOOKUP(C140,'基础-办公用品信息'!$C:$G,4,0),"-") -> 0 | G140: 2 | H140: =IFERROR(F140*G140,"") -> 0
B141: 163 | C141: =IF('基础-办公用品信息'!C141="","-",'基础-办公用品信息'!C141) -> 洗洁精 | D141: =IF('基础-办公用品信息'!D141="","-",'基础-办公用品信息'!D141) -> 桶 | E141: =IF('基础-办公用品信息'!E141="","-",'基础-办公用品信息'!E141) -> - | F141: =IFERROR(VLOOKUP(C141,'基础-办公用品信息'!$C:$G,4,0),"-") -> 0 | G141: 0 | H141: =IFERROR(F141*G141,"") -> 0
B142: 164 | C142: =IF('基础-办公用品信息'!C142="","-",'基础-办公用品信息'!C142) -> 垃圾袋 | D142: =IF('基础-办公用品信息'!D142="","-",'基础-办公用品信息'!D142) -> 卷 | E142: =IF('基础-办公用品信息'!E142="","-",'基础-办公用品信息'!E142) -> - | F142: =IFERROR(VLOOKUP(C142,'基础-办公用品信息'!$C:$G,4,0),"-") -> 0 | G142: 50 | H142: =IFERROR(F142*G142,"") -> 0
B143: 165 | C143: =IF('基础-办公用品信息'!C143="","-",'基础-办公用品信息'!C143) -> 白手套 | D143: =IF('基础-办公用品信息'!D143="","-",'基础-办公用品信息'!D143) -> 打 | E143: =IF('基础-办公用品信息'!E143="","-",'基础-办公用品信息'!E143) -> - | F143: =IFERROR(VLOOKUP(C143,'基础-办公用品信息'!$C:$G,4,0),"-") -> 0 | G143: 0 | H143: =IFERROR(F143*G143,"") -> 0
B144: 166 | C144: =IF('基础-办公用品信息'!C144="","-",'基础-办公用品信息'!C144) -> 喷洒消毒液 | D144: =IF('基础-办公用品信息'!D144="","-",'基础-办公用品信息'!D144) -> 瓶 | E144: =IF('基础-办公用品信息'!E144="","-",'基础-办公用品信息'!E144) -> - | F144: =IFERROR(VLOOKUP(C144,'基础-办公用品信息'!$C:$G,4,0),"-") -> 0 | G144: 0 | H144: =IFERROR(F144*G144,"") -> 0
B145: 167 | C145: =IF('基础-办公用品信息'!C145="","-",'基础-办公用品信息'!C145) -> 消毒液L3 | D145: =IF('基础-办公用品信息'!D145="","-",'基础-办公用品信息'!D145) -> 瓶 | E145: =IF('基础-办公用品信息'!E145="","-",'基础-办公用品信息'!E145) -> - | F145: =IFERROR(VLOOKUP(C145,'基础-办公用品信息'!$C:$G,4,0),"-") -> 0 | G145: 0 | H145: =IFERROR(F145*G145,"") -> 0
B146: 168 | C146: =IF('基础-办公用品信息'!C146="","-",'基础-办公用品信息'!C146) -> 500消毒液 | D146: =IF('基础-办公用品信息'!D146="","-",'基础-办公用品信息'!D146) -> 瓶 | E146: =IF('基础-办公用品信息'!E146="","-",'基础-办公用品信息'!E146) -> - | F146: =IFERROR(VLOOKUP(C146,'基础-办公用品信息'!$C:$G,4,0),"-") -> 0 | G146: 0 | H146: =IFERROR(F146*G146,"") -> 0
B147: 169 | C147: =IF('基础-办公用品信息'!#REF!="","-",'基础-办公用品信息'!#REF!) -> #REF! | D147: =IF('基础-办公用品信息'!#REF!="","-",'基础-办公用品信息'!#REF!) -> #REF! | E147: =IF('基础-办公用品信息'!#REF!="","-",'基础-办公用品信息'!#REF!) -> #REF! | F147: =IFERROR(VLOOKUP(C147,'基础-办公用品信息'!$C:$G,4,0),"-") -> - | G147: 24 | H147: =IFERROR(F147*G147,"")
B148: 170 | C148: =IF('基础-办公用品信息'!C147="","-",'基础-办公用品信息'!C147) -> 拖把 | D148: =IF('基础-办公用品信息'!D147="","-",'基础-办公用品信息'!D147) -> 个 | E148: =IF('基础-办公用品信息'!E147="","-",'基础-办公用品信息'!E147) -> - | F148: =IFERROR(VLOOKUP(C148,'基础-办公用品信息'!$C:$G,4,0),"-") -> 0 | G148: 5 | H148: =IFERROR(F148*G148,"") -> 0
B149: 171 | C149: =IF('基础-办公用品信息'!C148="","-",'基础-办公用品信息'!C148) -> 玻璃刮刀 | D149: =IF('基础-办公用品信息'!D148="","-",'基础-办公用品信息'!D148) -> 个 | E149: =IF('基础-办公用品信息'!E148="","-",'基础-办公用品信息'!E148) -> - | F149: =IFERROR(VLOOKUP(C149,'基础-办公用品信息'!$C:$G,4,0),"-") -> 0 | G149: 5 | H149: =IFERROR(F149*G149,"") -> 0
B150: 172 | C150: =IF('基础-办公用品信息'!C149="","-",'基础-办公用品信息'!C149) -> 玻璃水 | D150: =IF('基础-办公用品信息'!D149="","-",'基础-办公用品信息'!D149) -> 瓶 | E150: =IF('基础-办公用品信息'!E149="","-",'基础-办公用品信息'!E149) -> - | F150: =IFERROR(VLOOKUP(C150,'基础-办公用品信息'!$C:$G,4,0),"-") -> 0 | G150: 5 | H150: =IFERROR(F150*G150,"") -> 0
B151: 173 | C151: =IF('基础-办公用品信息'!C150="","-",'基础-办公用品信息'!C150) -> 毛巾 | D151: =IF('基础-办公用品信息'!D150="","-",'基础-办公用品信息'!D150) -> 条 | E151: =IF('基础-办公用品信息'!E150="","-",'基础-办公用品信息'!E150) -> - | F151: =IFERROR(VLOOKUP(C151,'基础-办公用品信息'!$C:$G,4,0),"-") -> 0 | G151: 18 | H151: =IFERROR(F151*G151,"") -> 0
B152: 174 | C152: =IF('基础-办公用品信息'!C151="","-",'基础-办公用品信息'!C151) -> 钉钉打卡机 | D152: =IF('基础-办公用品信息'!D151="","-",'基础-办公用品信息'!D151) -> 个 | E152: =IF('基础-办公用品信息'!E151="","-",'基础-办公用品信息'!E151) -> - | F152: =IFERROR(VLOOKUP(C152,'基础-办公用品信息'!$C:$G,4,0),"-") -> 0 | G152: 5 | H152: =IFERROR(F152*G152,"") -> 0
B153: 175 | C153: =IF('基础-办公用品信息'!C152="","-",'基础-办公用品信息'!C152) -> 酒精消毒水 | D153: =IF('基础-办公用品信息'!D152="","-",'基础-办公用品信息'!D152) -> 瓶 | E153: =IF('基础-办公用品信息'!E152="","-",'基础-办公用品信息'!E152) -> - | F153: =IFERROR(VLOOKUP(C153,'基础-办公用品信息'!$C:$G,4,0),"-") -> 0 | G153: 5 | H153: =IFERROR(F153*G153,"") -> 0
B154: 176 | C154: =IF('基础-办公用品信息'!C153="","-",'基础-办公用品信息'!C153) -> 马桶刷 | D154: =IF('基础-办公用品信息'!D153="","-",'基础-办公用品信息'!D153) -> 个 | E154: =IF('基础-办公用品信息'!E153="","-",'基础-办公用品信息'!E153) -> - | F154: =IFERROR(VLOOKUP(C154,'基础-办公用品信息'!$C:$G,4,0),"-") -> 0 | G154: 2 | H154: =IFERROR(F154*G154,"") -> 0
B155: 177 | C155: =IF('基础-办公用品信息'!C154="","-",'基础-办公用品信息'!C154) -> 洗手液 | D155: =IF('基础-办公用品信息'!D154="","-",'基础-办公用品信息'!D154) -> 瓶 | E155: =IF('基础-办公用品信息'!E154="","-",'基础-办公用品信息'!E154) -> - | F155: =IFERROR(VLOOKUP(C155,'基础-办公用品信息'!$C:$G,4,0),"-") -> 0 | G155: 4 | H155: =IFERROR(F155*G155,"") -> 0
B156: 178 | C156: =IF('基础-办公用品信息'!C155="","-",'基础-办公用品信息'!C155) -> 报销单 | D156: =IF('基础-办公用品信息'!D155="","-",'基础-办公用品信息'!D155) -> 本 | E156: =IF('基础-办公用品信息'!E155="","-",'基础-办公用品信息'!E155) -> - | F156: =IFERROR(VLOOKUP(C156,'基础-办公用品信息'!$C:$G,4,0),"-") -> 1.2 | G156: 100 | H156: =IFERROR(F156*G156,"") -> 120
B157: 179 | C157: =IF('基础-办公用品信息'!C156="","-",'基础-办公用品信息'!C156) -> 手套 | D157: =IF('基础-办公用品信息'!D156="","-",'基础-办公用品信息'!D156) -> 双 | E157: =IF('基础-办公用品信息'!E156="","-",'基础-办公用品信息'!E156) -> - | F157: =IFERROR(VLOOKUP(C157,'基础-办公用品信息'!$C:$G,4,0),"-") -> 0 | G157: 4 | H157: =IFERROR(F157*G157,"") -> 0
B158: 180 | C158: =IF('基础-办公用品信息'!C157="","-",'基础-办公用品信息'!C157) -> 安全帽 | D158: =IF('基础-办公用品信息'!D157="","-",'基础-办公用品信息'!D157) -> 顶 | E158: =IF('基础-办公用品信息'!E157="","-",'基础-办公用品信息'!E157) -> - | F158: =IFERROR(VLOOKUP(C158,'基础-办公用品信息'!$C:$G,4,0),"-") -> 0 | G158: 50 | H158: =IFERROR(F158*G158,"") -> 0
B159: 181 | C159: =IF('基础-办公用品信息'!C158="","-",'基础-办公用品信息'!C158) -> 扫把 | D159: =IF('基础-办公用品信息'!D158="","-",'基础-办公用品信息'!D158) -> 把 | E159: =IF('基础-办公用品信息'!E158="","-",'基础-办公用品信息'!E158) -> - | F159: =IFERROR(VLOOKUP(C159,'基础-办公用品信息'!$C:$G,4,0),"-") -> 0 | G159: 2 | H159: =IFERROR(F159*G159,"") -> 0
... B164: 186 | C164: =IF('基础-办公用品信息'!C163="","-",'基础-办公用品信息'!C163) -> 透明胶带大卷 | D164: =IF('基础-办公用品信息'!D163="","-",'基础-办公用品信息'!D163) -> 卷 | E164: =IF('基础-办公用品信息'!E163="","-",'基础-办公用品信息'!E163) -> - | F164: =IFERROR(VLOOKUP(C164,'基础-办公用品信息'!$C:$G,4,0),"-") -> 0 | G164: 5 | H164: =IFERROR(F164*G164,"") -> 0
B165: 187 | C165: =IF('基础-办公用品信息'!C164="","-",'基础-办公用品信息'!C164) -> 垃圾袋大 | D165: =IF('基础-办公用品信息'!D164="","-",'基础-办公用品信息'!D164) -> 卷 | E165: =IF('基础-办公用品信息'!E164="","-",'基础-办公用品信息'!E164) -> - | F165: =IFERROR(VLOOKUP(C165,'基础-办公用品信息'!$C:$G,4,0),"-") -> 0 | H165: =IFERROR(F165*G165,"") -> 0
B166: 188 | C166: =IF('基础-办公用品信息'!C165="","-",'基础-办公用品信息'!C165) -> 垃圾袋小 | D166: =IF('基础-办公用品信息'!D165="","-",'基础-办公用品信息'!D165) -> 卷 | E166: =IF('基础-办公用品信息'!E165="","-",'基础-办公用品信息'!E165) -> - | F166: =IFERROR(VLOOKUP(C166,'基础-办公用品信息'!$C:$G,4,0),"-") -> 0 | H166: =IFERROR(F166*G166,"") -> 0
B167: 189 | C167: =IF('基础-办公用品信息'!C166="","-",'基础-办公用品信息'!C166) -> 次氯酸消毒液 | D167: =IF('基础-办公用品信息'!D166="","-",'基础-办公用品信息'!D166) -> 瓶 | E167: =IF('基础-办公用品信息'!E166="","-",'基础-办公用品信息'!E166) -> - | F167: =IFERROR(VLOOKUP(C167,'基础-办公用品信息'!$C:$G,4,0),"-") -> 0 | H167: =IFERROR(F167*G167,"") -> 0
B168: 190 | C168: =IF('基础-办公用品信息'!C167="","-",'基础-办公用品信息'!C167) -> 喷壶 | D168: =IF('基础-办公用品信息'!D167="","-",'基础-办公用品信息'!D167) -> 个 | E168: =IF('基础-办公用品信息'!E167="","-",'基础-办公用品信息'!E167) -> - | F168: =IFERROR(VLOOKUP(C168,'基础-办公用品信息'!$C:$G,4,0),"-") -> 0 | H168: =IFERROR(F168*G168,"") -> 0
B169: 191 | C169: =IF('基础-办公用品信息'!C168="","-",'基础-办公用品信息'!C168) -> 马桶刷 | D169: =IF('基础-办公用品信息'!D168="","-",'基础-办公用品信息'!D168) -> 个 | E169: =IF('基础-办公用品信息'!E168="","-",'基础-办公用品信息'!E168) -> - | F169: =IFERROR(VLOOKUP(C169,'基础-办公用品信息'!$C:$G,4,0),"-") -> 0 | H169: =IFERROR(F169*G169,"") -> 0
B170: 192 | C170: =IF('基础-办公用品信息'!C169="","-",'基础-办公用品信息'!C169) -> 无线网卡 | D170: =IF('基础-办公用品信息'!D169="","-",'基础-办公用品信息'!D169) -> 个 | E170: =IF('基础-办公用品信息'!E169="","-",'基础-办公用品信息'!E169) -> - | F170: =IFERROR(VLOOKUP(C170,'基础-办公用品信息'!$C:$G,4,0),"-") -> 0 | H170: =IFERROR(F170*G170,"") -> 0
B171: 193 | C171: =IF('基础-办公用品信息'!C170="","-",'基础-办公用品信息'!C170) -> 院子灯泡 | D171: =IF('基础-办公用品信息'!D170="","-",'基础-办公用品信息'!D170) -> 个 | E171: =IF('基础-办公用品信息'!E170="","-",'基础-办公用品信息'!E170) -> - | F171: =IFERROR(VLOOKUP(C171,'基础-办公用品信息'!$C:$G,4,0),"-") -> 15 | H171: =IFERROR(F171*G171,"") -> 0
B172: 194 | C172: =IF('基础-办公用品信息'!C171="","-",'基础-办公用品信息'!C171) -> 洗衣粉 | D172: =IF('基础-办公用品信息'!D171="","-",'基础-办公用品信息'!D171) -> 包 | E172: =IF('基础-办公用品信息'!E171="","-",'基础-办公用品信息'!E171) -> - | F172: =IFERROR(VLOOKUP(C172,'基础-办公用品信息'!$C:$G,4,0),"-") -> 0 | H172: =IFERROR(F172*G172,"") -> 0
B173: 195 | C173: =IF('基础-办公用品信息'!C172="","-",'基础-办公用品信息'!C172) -> 海绵 | D173: =IF('基础-办公用品信息'!D172="","-",'基础-办公用品信息'!D172) -> 个 | E173: =IF('基础-办公用品信息'!E172="","-",'基础-办公用品信息'!E172) -> - | F173: =IFERROR(VLOOKUP(C173,'基础-办公用品信息'!$C:$G,4,0),"-") -> 0 | H173: =IFERROR(F173*G173,"") -> 0
B174: 196 | C174: =IF('基础-办公用品信息'!C173="","-",'基础-办公用品信息'!C173) -> 304不锈钢餐盘（带盖） | D174: =IF('基础-办公用品信息'!D173="","-",'基础-办公用品信息'!D173) -> 个 | E174: =IF('基础-办公用品信息'!E173="","-",'基础-办公用品信息'!E173) -> - | F174: =IFERROR(VLOOKUP(C174,'基础-办公用品信息'!$C:$G,4,0),"-") -> 0 | H174: =IFERROR(F174*G174,"") -> 0
B175: 197 | C175: =IF('基础-办公用品信息'!C174="","-",'基础-办公用品信息'!C174) -> 304不锈钢餐盘） | D175: =IF('基础-办公用品信息'!D174="","-",'基础-办公用品信息'!D174) -> 个 | E175: =IF('基础-办公用品信息'!E174="","-",'基础-办公用品信息'!E174) -> - | F175: =IFERROR(VLOOKUP(C175,'基础-办公用品信息'!$C:$G,4,0),"-") -> 0 | H175: =IFERROR(F175*G175,"") -> 0
B176: 198 | C176: =IF('基础-办公用品信息'!C175="","-",'基础-办公用品信息'!C175) -> 调料罐 | D176: =IF('基础-办公用品信息'!D175="","-",'基础-办公用品信息'!D175) -> 个 | E176: =IF('基础-办公用品信息'!E175="","-",'基础-办公用品信息'!E175) -> - | F176: =IFERROR(VLOOKUP(C176,'基础-办公用品信息'!$C:$G,4,0),"-") -> 0 | H176: =IFERROR(F176*G176,"") -> 0
... B178: 200 | C178: =IF('基础-办公用品信息'!C177="","-",'基础-办公用品信息'!C177) -> 304不锈钢油缸 | D178: =IF('基础-办公用品信息'!D177="","-",'基础-办公用品信息'!D177) -> 个 | E178: =IF('基础-办公用品信息'!E177="","-",'基础-办公用品信息'!E177) -> - | F178: =IFERROR(VLOOKUP(C178,'基础-办公用品信息'!$C:$G,4,0),"-") -> 0 | H178: =IFERROR(F178*G178,"") -> 0
E179: =IF('基础-办公用品信息'!E178="","-",'基础-办公用品信息'!E178) -> -
E180: =IF('基础-办公用品信息'!E179="","-",'基础-办公用品信息'!E179) -> -
E181: =IF('基础-办公用品信息'!E180="","-",'基础-办公用品信息'!E180) -> -
E182: =IF('基础-办公用品信息'!E181="","-",'基础-办公用品信息'!E181) -> -
E183: =IF('基础-办公用品信息'!E182="","-",'基础-办公用品信息'!E182) -> -
E184: =IF('基础-办公用品信息'!E183="","-",'基础-办公用品信息'!E183) -> -
E185: =IF('基础-办公用品信息'!E184="","-",'基础-办公用品信息'!E184) -> -
E186: =IF('基础-办公用品信息'!E185="","-",'基础-办公用品信息'!E185) -> -

Sheet 当前库存
B2: ="当前库存 "&TEXT(NOW(),"e/m/d 上午/下午 hh:mm") -> 当前库存 2026/5/9 下午 02:02 | M2: 当前库存数量 | N2: 当前库存金额
B3: NO: | C3: 办公用品名称 | D3: 单位 | E3: 型号 | F3: 单价 | G3: 金额 | H3: 当前库存 | I3: 安全库存（设置） | J3: 是否采购 | M3: =SUM(H4:H86) -> 4345 | N3: =SUM(G4:G86) -> 18967.9
B4: 1 | C4: =IF('基础-办公用品信息'!C4="","-",'基础-办公用品信息'!C4) -> A3打印纸 | D4: =IF('基础-办公用品信息'!D4="","-",'基础-办公用品信息'!D4) -> 包 | E4: =IF('基础-办公用品信息'!E4="","-",'基础-办公用品信息'!E4) -> - | F4: =IF('基础-办公用品信息'!F4="","-",'基础-办公用品信息'!F4) -> 175 | G4: =IFERROR(F4*H4,"-") -> 5250 | H4: =SUMIFS(期初库存!G:G,期初库存!C:C,C4)+SUMIFS('采购录入（明细）'!I:I,'采购录入（明细）'!E:E,C4)-SUMIFS('领用录入（明细）'!I:I,'领用录入（明细）'!F:F,C4) -> 30 | I4: 5 | J4: =IF(I4>H4,"采购","否") -> 否
B5: 2 | C5: =IF('基础-办公用品信息'!C5="","-",'基础-办公用品信息'!C5) -> A4打印纸 | D5: =IF('基础-办公用品信息'!D5="","-",'基础-办公用品信息'!D5) -> 包 | E5: =IF('基础-办公用品信息'!E5="","-",'基础-办公用品信息'!E5) -> - | F5: =IF('基础-办公用品信息'!F5="","-",'基础-办公用品信息'!F5) -> 175 | G5: =IFERROR(F5*H5,"-") -> 8925 | H5: =SUMIFS(期初库存!G:G,期初库存!C:C,C5)+SUMIFS('采购录入（明细）'!I:I,'采购录入（明细）'!E:E,C5)-SUMIFS('领用录入（明细）'!I:I,'领用录入（明细）'!F:F,C5) -> 51 | I5: 5 | J5: =IF(I5>H5,"采购","否") -> 否
B6: 3 | C6: =IF('基础-办公用品信息'!C6="","-",'基础-办公用品信息'!C6) -> A4装订封面纸 | D6: =IF('基础-办公用品信息'!D6="","-",'基础-办公用品信息'!D6) -> 包 | E6: =IF('基础-办公用品信息'!E6="","-",'基础-办公用品信息'!E6) -> - | F6: =IF('基础-办公用品信息'!F6="","-",'基础-办公用品信息'!F6) -> 18 | G6: =IFERROR(F6*H6,"-") -> 18 | H6: =SUMIFS(期初库存!G:G,期初库存!C:C,C6)+SUMIFS('采购录入（明细）'!I:I,'采购录入（明细）'!E:E,C6)-SUMIFS('领用录入（明细）'!I:I,'领用录入（明细）'!F:F,C6) -> 1 | I6: 1 | J6: =IF(I6>H6,"采购","否") -> 否
B7: 4 | C7: =IF('基础-办公用品信息'!C7="","-",'基础-办公用品信息'!C7) -> A4复印纸蓝色 | D7: =IF('基础-办公用品信息'!D7="","-",'基础-办公用品信息'!D7) -> 包 | E7: =IF('基础-办公用品信息'!E7="","-",'基础-办公用品信息'!E7) -> - | F7: =IF('基础-办公用品信息'!F7="","-",'基础-办公用品信息'!F7) -> - | G7: =IFERROR(F7*H7,"-") -> - | H7: =SUMIFS(期初库存!G:G,期初库存!C:C,C7)+SUMIFS('采购录入（明细）'!I:I,'采购录入（明细）'!E:E,C7)-SUMIFS('领用录入（明细）'!I:I,'领用录入（明细）'!F:F,C7) -> 1 | I7: 1 | J7: =IF(I7>H7,"采购","否") -> 否
B8: 5 | C8: =IF('基础-办公用品信息'!C8="","-",'基础-办公用品信息'!C8) -> A4复印纸红色 | D8: =IF('基础-办公用品信息'!D8="","-",'基础-办公用品信息'!D8) -> 包 | E8: =IF('基础-办公用品信息'!E8="","-",'基础-办公用品信息'!E8) -> - | F8: =IF('基础-办公用品信息'!F8="","-",'基础-办公用品信息'!F8) -> - | G8: =IFERROR(F8*H8,"-") -> - | H8: =SUMIFS(期初库存!G:G,期初库存!C:C,C8)+SUMIFS('采购录入（明细）'!I:I,'采购录入（明细）'!E:E,C8)-SUMIFS('领用录入（明细）'!I:I,'领用录入（明细）'!F:F,C8) -> 5 | I8: 5 | J8: =IF(I8>H8,"采购","否") -> 否
B9: 6 | C9: =IF('基础-办公用品信息'!C9="","-",'基础-办公用品信息'!C9) -> A4白卡纸180克荷兰白卡 | D9: =IF('基础-办公用品信息'!D9="","-",'基础-办公用品信息'!D9) -> 包 | E9: =IF('基础-办公用品信息'!E9="","-",'基础-办公用品信息'!E9) -> - | F9: =IF('基础-办公用品信息'!F9="","-",'基础-办公用品信息'!F9) -> - | G9: =IFERROR(F9*H9,"-") -> - | H9: =SUMIFS(期初库存!G:G,期初库存!C:C,C9)+SUMIFS('采购录入（明细）'!I:I,'采购录入（明细）'!E:E,C9)-SUMIFS('领用录入（明细）'!I:I,'领用录入（明细）'!F:F,C9) -> 0 | I9: 0 | J9: =IF(I9>H9,"采购","否") -> 否
B10: 7 | C10: =IF('基础-办公用品信息'!C10="","-",'基础-办公用品信息'!C10) -> 定制会议本牛皮A4 | D10: =IF('基础-办公用品信息'!D10="","-",'基础-办公用品信息'!D10) -> 本 | E10: =IF('基础-办公用品信息'!E10="","-",'基础-办公用品信息'!E10) -> - | F10: =IF('基础-办公用品信息'!F10="","-",'基础-办公用品信息'!F10) -> - | G10: =IFERROR(F10*H10,"-") -> - | H10: =SUMIFS(期初库存!G:G,期初库存!C:C,C10)+SUMIFS('采购录入（明细）'!I:I,'采购录入（明细）'!E:E,C10)-SUMIFS('领用录入（明细）'!I:I,'领用录入（明细）'!F:F,C10) -> 14 | I10: 5 | J10: =IF(I10>H10,"采购","否") -> 否
B11: 8 | C11: =IF('基础-办公用品信息'!C11="","-",'基础-办公用品信息'!C11) -> 定制会议本活页B5 | D11: =IF('基础-办公用品信息'!D11="","-",'基础-办公用品信息'!D11) -> 本 | E11: =IF('基础-办公用品信息'!E11="","-",'基础-办公用品信息'!E11) -> - | F11: =IF('基础-办公用品信息'!F11="","-",'基础-办公用品信息'!F11) -> - | G11: =IFERROR(F11*H11,"-") -> - | H11: =SUMIFS(期初库存!G:G,期初库存!C:C,C11)+SUMIFS('采购录入（明细）'!I:I,'采购录入（明细）'!E:E,C11)-SUMIFS('领用录入（明细）'!I:I,'领用录入（明细）'!F:F,C11) -> 0 | I11: 0 | J11: =IF(I11>H11,"采购","否") -> 否
B12: 9 | C12: =IF('基础-办公用品信息'!C12="","-",'基础-办公用品信息'!C12) -> 定制会议便签本牛皮书写夹板A4 | D12: =IF('基础-办公用品信息'!D12="","-",'基础-办公用品信息'!D12) -> 本 | E12: =IF('基础-办公用品信息'!E12="","-",'基础-办公用品信息'!E12) -> - | F12: =IF('基础-办公用品信息'!F12="","-",'基础-办公用品信息'!F12) -> - | G12: =IFERROR(F12*H12,"-") -> - | H12: =SUMIFS(期初库存!G:G,期初库存!C:C,C12)+SUMIFS('采购录入（明细）'!I:I,'采购录入（明细）'!E:E,C12)-SUMIFS('领用录入（明细）'!I:I,'领用录入（明细）'!F:F,C12) -> 8 | I12: 5 | J12: =IF(I12>H12,"采购","否") -> 否
B13: 10 | C13: =IF('基础-办公用品信息'!C13="","-",'基础-办公用品信息'!C13) -> 会议记录本皮面黑色 | D13: =IF('基础-办公用品信息'!D13="","-",'基础-办公用品信息'!D13) -> 本 | E13: =IF('基础-办公用品信息'!E13="","-",'基础-办公用品信息'!E13) -> - | F13: =IF('基础-办公用品信息'!F13="","-",'基础-办公用品信息'!F13) -> 7.5 | G13: =IFERROR(F13*H13,"-") -> 255 | H13: =SUMIFS(期初库存!G:G,期初库存!C:C,C13)+SUMIFS('采购录入（明细）'!I:I,'采购录入（明细）'!E:E,C13)-SUMIFS('领用录入（明细）'!I:I,'领用录入（明细）'!F:F,C13) -> 34 | I13: 5 | J13: =IF(I13>H13,"采购","否") -> 否
B14: 11 | C14: =IF('基础-办公用品信息'!C14="","-",'基础-办公用品信息'!C14) -> office本32k | D14: =IF('基础-办公用品信息'!D14="","-",'基础-办公用品信息'!D14) -> 本 | E14: =IF('基础-办公用品信息'!E14="","-",'基础-办公用品信息'!E14) -> - | F14: =IF('基础-办公用品信息'!F14="","-",'基础-办公用品信息'!F14) -> - | G14: =IFERROR(F14*H14,"-") -> - | H14: =SUMIFS(期初库存!G:G,期初库存!C:C,C14)+SUMIFS('采购录入（明细）'!I:I,'采购录入（明细）'!E:E,C14)-SUMIFS('领用录入（明细）'!I:I,'领用录入（明细）'!F:F,C14) -> 16 | I14: 5 | J14: =IF(I14>H14,"采购","否") -> 否
B15: 12 | C15: =IF('基础-办公用品信息'!C15="","-",'基础-办公用品信息'!C15) -> 软面抄100 | D15: =IF('基础-办公用品信息'!D15="","-",'基础-办公用品信息'!D15) -> 本 | E15: =IF('基础-办公用品信息'!E15="","-",'基础-办公用品信息'!E15) -> - | F15: =IF('基础-办公用品信息'!F15="","-",'基础-办公用品信息'!F15) -> 1.5 | G15: =IFERROR(F15*H15,"-") -> 55.5 | H15: =SUMIFS(期初库存!G:G,期初库存!C:C,C15)+SUMIFS('采购录入（明细）'!I:I,'采购录入（明细）'!E:E,C15)-SUMIFS('领用录入（明细）'!I:I,'领用录入（明细）'!F:F,C15) -> 37 | I15: 5 | J15: =IF(I15>H15,"采购","否") -> 否
... B23: 23 | C23: =IF('基础-办公用品信息'!C23="","-",'基础-办公用品信息'!C23) -> 三角抽杆文件夹 | D23: =IF('基础-办公用品信息'!D23="","-",'基础-办公用品信息'!D23) -> 本 | E23: =IF('基础-办公用品信息'!E23="","-",'基础-办公用品信息'!E23) -> - | F23: =IF('基础-办公用品信息'!F23="","-",'基础-办公用品信息'!F23) -> 0.55 | G23: =IFERROR(F23*H23,"-") -> 60.5 | H23: =SUMIFS(期初库存!G:G,期初库存!C:C,C23)+SUMIFS('采购录入（明细）'!I:I,'采购录入（明细）'!E:E,C23)-SUMIFS('领用录入（明细）'!I:I,'领用录入（明细）'!F:F,C23) -> 110 | I23: 5 | J23: =IF(I23>H23,"采购","否") -> 否
B24: 24 | C24: =IF('基础-办公用品信息'!C24="","-",'基础-办公用品信息'!C24) -> 塑料文件架 | D24: =IF('基础-办公用品信息'!D23="","-",'基础-办公用品信息'!D23) -> 本 | E24: =IF('基础-办公用品信息'!E24="","-",'基础-办公用品信息'!E24) -> - | F24: =IF('基础-办公用品信息'!F24="","-",'基础-办公用品信息'!F24) -> 18 | G24: =IFERROR(F24*H24,"-") -> 0 | H24: =SUMIFS(期初库存!G:G,期初库存!C:C,C24)+SUMIFS('采购录入（明细）'!I:I,'采购录入（明细）'!E:E,C24)-SUMIFS('领用录入（明细）'!I:I,'领用录入（明细）'!F:F,C24) -> 0 | I24: 0 | J24: =IF(I24>H24,"采购","否") -> 否
B25: 25 | C25: =IF('基础-办公用品信息'!C25="","-",'基础-办公用品信息'!C25) -> 文件夹，纸板夹 | D25: =IF('基础-办公用品信息'!D24="","-",'基础-办公用品信息'!D24) -> 只 | E25: =IF('基础-办公用品信息'!E25="","-",'基础-办公用品信息'!E25) -> - | F25: =IF('基础-办公用品信息'!F25="","-",'基础-办公用品信息'!F25) -> 5 | G25: =IFERROR(F25*H25,"-") -> 155 | H25: =SUMIFS(期初库存!G:G,期初库存!C:C,C25)+SUMIFS('采购录入（明细）'!I:I,'采购录入（明细）'!E:E,C25)-SUMIFS('领用录入（明细）'!I:I,'领用录入（明细）'!F:F,C25) -> 31 | I25: 5 | J25: =IF(I25>H25,"采购","否") -> 否
B26: 26 | C26: =IF('基础-办公用品信息'!C26="","-",'基础-办公用品信息'!C26) -> 文件夹，塑料皮 | D26: =IF('基础-办公用品信息'!D25="","-",'基础-办公用品信息'!D25) -> 本 | E26: =IF('基础-办公用品信息'!E26="","-",'基础-办公用品信息'!E26) -> - | F26: =IF('基础-办公用品信息'!F26="","-",'基础-办公用品信息'!F26) -> 6.5 | G26: =IFERROR(F26*H26,"-") -> 0 | H26: =SUMIFS(期初库存!G:G,期初库存!C:C,C26)+SUMIFS('采购录入（明细）'!I:I,'采购录入（明细）'!E:E,C26)-SUMIFS('领用录入（明细）'!I:I,'领用录入（明细）'!F:F,C26) -> 0 | I26: 0 | J26: =IF(I26>H26,"采购","否") -> 否
B27: 27 | C27: =IF('基础-办公用品信息'!C27="","-",'基础-办公用品信息'!C27) -> 网格拉链袋 | D27: =IF('基础-办公用品信息'!D26="","-",'基础-办公用品信息'!D26) -> 本 | E27: =IF('基础-办公用品信息'!E27="","-",'基础-办公用品信息'!E27) -> - | F27: =IF('基础-办公用品信息'!F27="","-",'基础-办公用品信息'!F27) -> - | G27: =IFERROR(F27*H27,"-") -> - | H27: =SUMIFS(期初库存!G:G,期初库存!C:C,C27)+SUMIFS('采购录入（明细）'!I:I,'采购录入（明细）'!E:E,C27)-SUMIFS('领用录入（明细）'!I:I,'领用录入（明细）'!F:F,C27) -> 27 | I27: 5 | J27: =IF(I27>H27,"采购","否") -> 否
B28: 28 | C28: =IF('基础-办公用品信息'!C28="","-",'基础-办公用品信息'!C28) -> 书写夹板A5 | D28: =IF('基础-办公用品信息'!D27="","-",'基础-办公用品信息'!D27) -> 只 | E28: =IF('基础-办公用品信息'!E28="","-",'基础-办公用品信息'!E28) -> - | F28: =IF('基础-办公用品信息'!F28="","-",'基础-办公用品信息'!F28) -> - | G28: =IFERROR(F28*H28,"-") -> - | H28: =SUMIFS(期初库存!G:G,期初库存!C:C,C28)+SUMIFS('采购录入（明细）'!I:I,'采购录入（明细）'!E:E,C28)-SUMIFS('领用录入（明细）'!I:I,'领用录入（明细）'!F:F,C28) -> 0 | I28: 0 | J28: =IF(I28>H28,"采购","否") -> 否
B29: 29 | C29: =IF('基础-办公用品信息'!C29="","-",'基础-办公用品信息'!C29) -> 铁书挡（小） | D29: =IF('基础-办公用品信息'!D28="","-",'基础-办公用品信息'!D28) -> 只 | E29: =IF('基础-办公用品信息'!E29="","-",'基础-办公用品信息'!E29) -> - | F29: =IF('基础-办公用品信息'!F29="","-",'基础-办公用品信息'!F29) -> - | G29: =IFERROR(F29*H29,"-") -> - | H29: =SUMIFS(期初库存!G:G,期初库存!C:C,C29)+SUMIFS('采购录入（明细）'!I:I,'采购录入（明细）'!E:E,C29)-SUMIFS('领用录入（明细）'!I:I,'领用录入（明细）'!F:F,C29) -> 6 | I29: 5 | J29: =IF(I29>H29,"采购","否") -> 否
B30: 30 | C30: =IF('基础-办公用品信息'!C30="","-",'基础-办公用品信息'!C30) -> 铁书挡（大） | D30: =IF('基础-办公用品信息'!D29="","-",'基础-办公用品信息'!D29) -> 只 | E30: =IF('基础-办公用品信息'!E30="","-",'基础-办公用品信息'!E30) -> - | F30: =IF('基础-办公用品信息'!F30="","-",'基础-办公用品信息'!F30) -> - | G30: =IFERROR(F30*H30,"-") -> - | H30: =SUMIFS(期初库存!G:G,期初库存!C:C,C30)+SUMIFS('采购录入（明细）'!I:I,'采购录入（明细）'!E:E,C30)-SUMIFS('领用录入（明细）'!I:I,'领用录入（明细）'!F:F,C30) -> 6 | I30: 5 | J30: =IF(I30>H30,"采购","否") -> 否
B31: 31 | C31: =IF('基础-办公用品信息'!C31="","-",'基础-办公用品信息'!C31) -> 水笔黑色 | D31: =IF('基础-办公用品信息'!D30="","-",'基础-办公用品信息'!D30) -> 只 | E31: =IF('基础-办公用品信息'!E31="","-",'基础-办公用品信息'!E31) -> - | F31: =IF('基础-办公用品信息'!F31="","-",'基础-办公用品信息'!F31) -> 1.3 | G31: =IFERROR(F31*H31,"-") -> 252.2 | H31: =SUMIFS(期初库存!G:G,期初库存!C:C,C31)+SUMIFS('采购录入（明细）'!I:I,'采购录入（明细）'!E:E,C31)-SUMIFS('领用录入（明细）'!I:I,'领用录入（明细）'!F:F,C31) -> 194 | I31: 5 | J31: =IF(I31>H31,"采购","否") -> 否
B32: 32 | C32: =IF('基础-办公用品信息'!C32="","-",'基础-办公用品信息'!C32) -> 水笔红色 | D32: =IF('基础-办公用品信息'!D31="","-",'基础-办公用品信息'!D31) -> 支 | E32: =IF('基础-办公用品信息'!E32="","-",'基础-办公用品信息'!E32) -> - | F32: =IF('基础-办公用品信息'!F32="","-",'基础-办公用品信息'!F32) -> 1.3 | G32: =IFERROR(F32*H32,"-") -> 15.6 | H32: =SUMIFS(期初库存!G:G,期初库存!C:C,C32)+SUMIFS('采购录入（明细）'!I:I,'采购录入（明细）'!E:E,C32)-SUMIFS('领用录入（明细）'!I:I,'领用录入（明细）'!F:F,C32) -> 12 | I32: 5 | J32: =IF(I32>H32,"采购","否") -> 否
B33: 33 | C33: =IF('基础-办公用品信息'!C33="","-",'基础-办公用品信息'!C33) -> 按压水笔黑色 | D33: =IF('基础-办公用品信息'!D32="","-",'基础-办公用品信息'!D32) -> 支 | E33: =IF('基础-办公用品信息'!E33="","-",'基础-办公用品信息'!E33) -> - | F33: =IF('基础-办公用品信息'!F33="","-",'基础-办公用品信息'!F33) -> 2 | G33: =IFERROR(F33*H33,"-") -> 36 | H33: =SUMIFS(期初库存!G:G,期初库存!C:C,C33)+SUMIFS('采购录入（明细）'!I:I,'采购录入（明细）'!E:E,C33)-SUMIFS('领用录入（明细）'!I:I,'领用录入（明细）'!F:F,C33) -> 18 | I33: 5 | J33: =IF(I33>H33,"采购","否") -> 否
B34: 34 | C34: =IF('基础-办公用品信息'!C34="","-",'基础-办公用品信息'!C34) -> 笔芯 | D34: =IF('基础-办公用品信息'!D33="","-",'基础-办公用品信息'!D33) -> 支 | E34: =IF('基础-办公用品信息'!E34="","-",'基础-办公用品信息'!E34) -> - | F34: =IF('基础-办公用品信息'!F34="","-",'基础-办公用品信息'!F34) -> - | G34: =IFERROR(F34*H34,"-") -> - | H34: =SUMIFS(期初库存!G:G,期初库存!C:C,C34)+SUMIFS('采购录入（明细）'!I:I,'采购录入（明细）'!E:E,C34)-SUMIFS('领用录入（明细）'!I:I,'领用录入（明细）'!F:F,C34) -> 54 | I34: 5 | J34: =IF(I34>H34,"采购","否") -> 否
B35: 38 | C35: =IF('基础-办公用品信息'!C35="","-",'基础-办公用品信息'!C35) -> 台笔 | D35: =IF('基础-办公用品信息'!D34="","-",'基础-办公用品信息'!D34) -> 支 | E35: =IF('基础-办公用品信息'!E35="","-",'基础-办公用品信息'!E35) -> - | F35: =IF('基础-办公用品信息'!F35="","-",'基础-办公用品信息'!F35) -> - | G35: =IFERROR(F35*H35,"-") -> - | H35: =SUMIFS(期初库存!G:G,期初库存!C:C,C35)+SUMIFS('采购录入（明细）'!I:I,'采购录入（明细）'!E:E,C35)-SUMIFS('领用录入（明细）'!I:I,'领用录入（明细）'!F:F,C35) -> 3 | I35: 0 | J35: =IF(I35>H35,"采购","否") -> 否
... B59: 64 | C59: =IF('基础-办公用品信息'!C59="","-",'基础-办公用品信息'!C59) -> 卷尺2m | D59: =IF('基础-办公用品信息'!D58="","-",'基础-办公用品信息'!D58) -> 个 | E59: =IF('基础-办公用品信息'!E59="","-",'基础-办公用品信息'!E59) -> - | F59: =IF('基础-办公用品信息'!F59="","-",'基础-办公用品信息'!F59) -> - | G59: =IFERROR(F59*H59,"-") -> - | H59: =SUMIFS(期初库存!G:G,期初库存!C:C,C59)+SUMIFS('采购录入（明细）'!I:I,'采购录入（明细）'!E:E,C59)-SUMIFS('领用录入（明细）'!I:I,'领用录入（明细）'!F:F,C59) -> 1 | I59: 1 | J59: =IF(I59>H59,"采购","否") -> 否
B60: 67 | C60: =IF('基础-办公用品信息'!C60="","-",'基础-办公用品信息'!C60) -> 电池南孚5号 | D60: =IF('基础-办公用品信息'!D61="","-",'基础-办公用品信息'!D61) -> 节 | E60: =IF('基础-办公用品信息'!E60="","-",'基础-办公用品信息'!E60) -> - | F60: =IF('基础-办公用品信息'!F60="","-",'基础-办公用品信息'!F60) -> 2.1 | G60: =IFERROR(F60*H60,"-") -> 285.6 | H60: =SUMIFS(期初库存!G:G,期初库存!C:C,C60)+SUMIFS('采购录入（明细）'!I:I,'采购录入（明细）'!E:E,C60)-SUMIFS('领用录入（明细）'!I:I,'领用录入（明细）'!F:F,C60) -> 136 | I60: 5 | J60: =IF(I60>H60,"采购","否") -> 否
B61: 68 | C61: =IF('基础-办公用品信息'!C61="","-",'基础-办公用品信息'!C61) -> 电池双鹿7号 | D61: =IF('基础-办公用品信息'!D62="","-",'基础-办公用品信息'!D62) -> 节 | E61: =IF('基础-办公用品信息'!E61="","-",'基础-办公用品信息'!E61) -> - | F61: =IF('基础-办公用品信息'!F61="","-",'基础-办公用品信息'!F61) -> - | G61: =IFERROR(F61*H61,"-") -> - | H61: =SUMIFS(期初库存!G:G,期初库存!C:C,C61)+SUMIFS('采购录入（明细）'!I:I,'采购录入（明细）'!E:E,C61)-SUMIFS('领用录入（明细）'!I:I,'领用录入（明细）'!F:F,C61) -> 111 | I61: 10 | J61: =IF(I61>H61,"采购","否") -> 否
B62: 69 | C62: =IF('基础-办公用品信息'!C62="","-",'基础-办公用品信息'!C62) -> 电池南孚23A | D62: =IF('基础-办公用品信息'!D63="","-",'基础-办公用品信息'!D63) -> 节 | E62: =IF('基础-办公用品信息'!E62="","-",'基础-办公用品信息'!E62) -> - | F62: =IF('基础-办公用品信息'!F62="","-",'基础-办公用品信息'!F62) -> - | G62: =IFERROR(F62*H62,"-") -> - | H62: =SUMIFS(期初库存!G:G,期初库存!C:C,C62)+SUMIFS('采购录入（明细）'!I:I,'采购录入（明细）'!E:E,C62)-SUMIFS('领用录入（明细）'!I:I,'领用录入（明细）'!F:F,C62) -> 8 | I62: 5 | J62: =IF(I62>H62,"采购","否") -> 否
B63: 70 | C63: =IF('基础-办公用品信息'!C63="","-",'基础-办公用品信息'!C63) -> 电池南孚27A | D63: =IF('基础-办公用品信息'!D64="","-",'基础-办公用品信息'!D64) -> 盒 | E63: =IF('基础-办公用品信息'!E63="","-",'基础-办公用品信息'!E63) -> - | F63: =IF('基础-办公用品信息'!F63="","-",'基础-办公用品信息'!F63) -> - | G63: =IFERROR(F63*H63,"-") -> - | H63: =SUMIFS(期初库存!G:G,期初库存!C:C,C63)+SUMIFS('采购录入（明细）'!I:I,'采购录入（明细）'!E:E,C63)-SUMIFS('领用录入（明细）'!I:I,'领用录入（明细）'!F:F,C63) -> 53 | I63: 5 | J63: =IF(I63>H63,"采购","否") -> 否
B64: 71 | C64: =IF('基础-办公用品信息'!C64="","-",'基础-办公用品信息'!C64) -> 彩色长尾票夹5851 | D64: =IF('基础-办公用品信息'!D65="","-",'基础-办公用品信息'!D65) -> 盒 | E64: =IF('基础-办公用品信息'!E64="","-",'基础-办公用品信息'!E64) -> - | F64: =IF('基础-办公用品信息'!F64="","-",'基础-办公用品信息'!F64) -> 11 | G64: =IFERROR(F64*H64,"-") -> 110 | H64: =SUMIFS(期初库存!G:G,期初库存!C:C,C64)+SUMIFS('采购录入（明细）'!I:I,'采购录入（明细）'!E:E,C64)-SUMIFS('领用录入（明细）'!I:I,'领用录入（明细）'!F:F,C64) -> 10 | I64: 1 | J64: =IF(I64>H64,"采购","否") -> 否
B65: 72 | C65: =IF('基础-办公用品信息'!C65="","-",'基础-办公用品信息'!C65) -> 彩色长尾票5852 | D65: =IF('基础-办公用品信息'!D66="","-",'基础-办公用品信息'!D66) -> 盒 | E65: =IF('基础-办公用品信息'!E65="","-",'基础-办公用品信息'!E65) -> - | F65: =IF('基础-办公用品信息'!F65="","-",'基础-办公用品信息'!F65) -> 15 | G65: =IFERROR(F65*H65,"-") -> 240 | H65: =SUMIFS(期初库存!G:G,期初库存!C:C,C65)+SUMIFS('采购录入（明细）'!I:I,'采购录入（明细）'!E:E,C65)-SUMIFS('领用录入（明细）'!I:I,'领用录入（明细）'!F:F,C65) -> 16 | I65: 5 | J65: =IF(I65>H65,"采购","否") -> 否
B66: 73 | C66: =IF('基础-办公用品信息'!C66="","-",'基础-办公用品信息'!C66) -> 彩色长尾票夹5854 | D66: =IF('基础-办公用品信息'!D67="","-",'基础-办公用品信息'!D67) -> 盒 | E66: =IF('基础-办公用品信息'!E66="","-",'基础-办公用品信息'!E66) -> - | F66: =IF('基础-办公用品信息'!F66="","-",'基础-办公用品信息'!F66) -> 13 | G66: =IFERROR(F66*H66,"-") -> 130 | H66: =SUMIFS(期初库存!G:G,期初库存!C:C,C66)+SUMIFS('采购录入（明细）'!I:I,'采购录入（明细）'!E:E,C66)-SUMIFS('领用录入（明细）'!I:I,'领用录入（明细）'!F:F,C66) -> 10 | I66: 5 | J66: =IF(I66>H66,"采购","否") -> 否
B67: 74 | C67: =IF('基础-办公用品信息'!C67="","-",'基础-办公用品信息'!C67) -> 彩色长尾票夹5855 | D67: =IF('基础-办公用品信息'!D68="","-",'基础-办公用品信息'!D68) -> 盒 | E67: =IF('基础-办公用品信息'!E67="","-",'基础-办公用品信息'!E67) -> - | F67: =IF('基础-办公用品信息'!F67="","-",'基础-办公用品信息'!F67) -> 7 | G67: =IFERROR(F67*H67,"-") -> 98 | H67: =SUMIFS(期初库存!G:G,期初库存!C:C,C67)+SUMIFS('采购录入（明细）'!I:I,'采购录入（明细）'!E:E,C67)-SUMIFS('领用录入（明细）'!I:I,'领用录入（明细）'!F:F,C67) -> 14 | I67: 5 | J67: =IF(I67>H67,"采购","否") -> 否
B68: 75 | C68: =IF('基础-办公用品信息'!C68="","-",'基础-办公用品信息'!C68) -> 彩色长尾票夹5856 | D68: =IF('基础-办公用品信息'!D69="","-",'基础-办公用品信息'!D69) -> 个 | E68: =IF('基础-办公用品信息'!E68="","-",'基础-办公用品信息'!E68) -> - | F68: =IF('基础-办公用品信息'!F68="","-",'基础-办公用品信息'!F68) -> 8 | G68: =IFERROR(F68*H68,"-") -> 96 | H68: =SUMIFS(期初库存!G:G,期初库存!C:C,C68)+SUMIFS('采购录入（明细）'!I:I,'采购录入（明细）'!E:E,C68)-SUMIFS('领用录入（明细）'!I:I,'领用录入（明细）'!F:F,C68) -> 12 | I68: 5 | J68: =IF(I68>H68,"采购","否") -> 否
B69: 76 | C69: =IF('基础-办公用品信息'!C69="","-",'基础-办公用品信息'!C69) -> 插座1.8m | D69: =IF('基础-办公用品信息'!D70="","-",'基础-办公用品信息'!D70) -> 个 | E69: =IF('基础-办公用品信息'!E69="","-",'基础-办公用品信息'!E69) -> - | F69: =IF('基础-办公用品信息'!F69="","-",'基础-办公用品信息'!F69) -> 26 | G69: =IFERROR(F69*H69,"-") -> 26 | H69: =SUMIFS(期初库存!G:G,期初库存!C:C,C69)+SUMIFS('采购录入（明细）'!I:I,'采购录入（明细）'!E:E,C69)-SUMIFS('领用录入（明细）'!I:I,'领用录入（明细）'!F:F,C69) -> 1 | I69: 1 | J69: =IF(I69>H69,"采购","否") -> 否
B70: 77 | C70: =IF('基础-办公用品信息'!C70="","-",'基础-办公用品信息'!C70) -> 插座3m | D70: =IF('基础-办公用品信息'!D71="","-",'基础-办公用品信息'!D71) -> 个 | E70: =IF('基础-办公用品信息'!E70="","-",'基础-办公用品信息'!E70) -> - | F70: =IF('基础-办公用品信息'!F70="","-",'基础-办公用品信息'!F70) -> 59 | G70: =IFERROR(F70*H70,"-") -> 177 | H70: =SUMIFS(期初库存!G:G,期初库存!C:C,C70)+SUMIFS('采购录入（明细）'!I:I,'采购录入（明细）'!E:E,C70)-SUMIFS('领用录入（明细）'!I:I,'领用录入（明细）'!F:F,C70) -> 3 | I70: 1 | J70: =IF(I70>H70,"采购","否") -> 否
B71: 79 | C71: =IF('基础-办公用品信息'!C71="","-",'基础-办公用品信息'!C71) -> 无线插头 | D71: =IF('基础-办公用品信息'!D73="","-",'基础-办公用品信息'!D73) -> 只 | E71: =IF('基础-办公用品信息'!E71="","-",'基础-办公用品信息'!E71) -> - | F71: =IF('基础-办公用品信息'!F71="","-",'基础-办公用品信息'!F71) -> - | G71: =IFERROR(F71*H71,"-") -> - | H71: =SUMIFS(期初库存!G:G,期初库存!C:C,C71)+SUMIFS('采购录入（明细）'!I:I,'采购录入（明细）'!E:E,C71)-SUMIFS('领用录入（明细）'!I:I,'领用录入（明细）'!F:F,C71) -> 0 | I71: 0 | J71: =IF(I71>H71,"采购","否") -> 否
B72: 80 | C72: =IF('基础-办公用品信息'!C72="","-",'基础-办公用品信息'!C72) -> 印台红色 | D72: =IF('基础-办公用品信息'!D74="","-",'基础-办公用品信息'!D74) -> 卷 | E72: =IF('基础-办公用品信息'!E72="","-",'基础-办公用品信息'!E72) -> - | F72: =IF('基础-办公用品信息'!F72="","-",'基础-办公用品信息'!F72) -> - | G72: =IFERROR(F72*H72,"-") -> - | H72: =SUMIFS(期初库存!G:G,期初库存!C:C,C72)+SUMIFS('采购录入（明细）'!I:I,'采购录入（明细）'!E:E,C72)-SUMIFS('领用录入（明细）'!I:I,'领用录入（明细）'!F:F,C72) -> 10 | I72: 5 | J72: =IF(I72>H72,"采购","否") -> 否
B73: 81 | C73: =IF('基础-办公用品信息'!C73="","-",'基础-办公用品信息'!C73) -> 印台蓝色 | D73: =IF('基础-办公用品信息'!D75="","-",'基础-办公用品信息'!D75) -> 筒 | E73: =IF('基础-办公用品信息'!E73="","-",'基础-办公用品信息'!E73) -> - | F73: =IF('基础-办公用品信息'!F73="","-",'基础-办公用品信息'!F73) -> - | G73: =IFERROR(F73*H73,"-") -> - | H73: =SUMIFS(期初库存!G:G,期初库存!C:C,C73)+SUMIFS('采购录入（明细）'!I:I,'采购录入（明细）'!E:E,C73)-SUMIFS('领用录入（明细）'!I:I,'领用录入（明细）'!F:F,C73) -> 13 | I73: 5 | J73: =IF(I73>H73,"采购","否") -> 否
B74: 82 | C74: =IF('基础-办公用品信息'!C74="","-",'基础-办公用品信息'!C74) -> 透明胶带小卷 | D74: =IF('基础-办公用品信息'!D76="","-",'基础-办公用品信息'!D76) -> 卷 | E74: =IF('基础-办公用品信息'!E74="","-",'基础-办公用品信息'!E74) -> - | F74: =IF('基础-办公用品信息'!F74="","-",'基础-办公用品信息'!F74) -> 5 | G74: =IFERROR(F74*H74,"-") -> 110 | H74: =SUMIFS(期初库存!G:G,期初库存!C:C,C74)+SUMIFS('采购录入（明细）'!I:I,'采购录入（明细）'!E:E,C74)-SUMIFS('领用录入（明细）'!I:I,'领用录入（明细）'!F:F,C74) -> 22 | I74: 5 | J74: =IF(I74>H74,"采购","否") -> 否
B75: 83 | C75: =IF('基础-办公用品信息'!C75="","-",'基础-办公用品信息'!C75) -> 封箱胶带 | D75: =IF('基础-办公用品信息'!D77="","-",'基础-办公用品信息'!D77) -> 卷 | E75: =IF('基础-办公用品信息'!E75="","-",'基础-办公用品信息'!E75) -> - | F75: =IF('基础-办公用品信息'!F75="","-",'基础-办公用品信息'!F75) -> 7 | G75: =IFERROR(F75*H75,"-") -> 28 | H75: =SUMIFS(期初库存!G:G,期初库存!C:C,C75)+SUMIFS('采购录入（明细）'!I:I,'采购录入（明细）'!E:E,C75)-SUMIFS('领用录入（明细）'!I:I,'领用录入（明细）'!F:F,C75) -> 4 | I75: 1 | J75: =IF(I75>H75,"采购","否") -> 否
B76: 84 | C76: =IF('基础-办公用品信息'!C76="","-",'基础-办公用品信息'!C76) -> 双面胶带宽 | D76: =IF('基础-办公用品信息'!D78="","-",'基础-办公用品信息'!D78) -> 包 | E76: =IF('基础-办公用品信息'!E76="","-",'基础-办公用品信息'!E76) -> - | F76: =IF('基础-办公用品信息'!F76="","-",'基础-办公用品信息'!F76) -> 20 | G76: =IFERROR(F76*H76,"-") -> 220 | H76: =SUMIFS(期初库存!G:G,期初库存!C:C,C76)+SUMIFS('采购录入（明细）'!I:I,'采购录入（明细）'!E:E,C76)-SUMIFS('领用录入（明细）'!I:I,'领用录入（明细）'!F:F,C76) -> 11 | I76: 5 | J76: =IF(I76>H76,"采购","否") -> 否
B77: 86 | C77: =IF('基础-办公用品信息'!C77="","-",'基础-办公用品信息'!C77) -> 泡沫胶带 | D77: =IF('基础-办公用品信息'!D80="","-",'基础-办公用品信息'!D80) -> 包 | E77: =IF('基础-办公用品信息'!E77="","-",'基础-办公用品信息'!E77) -> - | F77: =IF('基础-办公用品信息'!F77="","-",'基础-办公用品信息'!F77) -> - | G77: =IFERROR(F77*H77,"-") -> - | H77: =SUMIFS(期初库存!G:G,期初库存!C:C,C77)+SUMIFS('采购录入（明细）'!I:I,'采购录入（明细）'!E:E,C77)-SUMIFS('领用录入（明细）'!I:I,'领用录入（明细）'!F:F,C77) -> 0 | I77: 0 | J77: =IF(I77>H77,"采购","否") -> 否
B78: 87 | C78: =IF('基础-办公用品信息'!C78="","-",'基础-办公用品信息'!C78) -> 便利贴76*76mm | D78: =IF('基础-办公用品信息'!D81="","-",'基础-办公用品信息'!D81) -> 包 | E78: =IF('基础-办公用品信息'!E78="","-",'基础-办公用品信息'!E78) -> - | F78: =IF('基础-办公用品信息'!F78="","-",'基础-办公用品信息'!F78) -> 2 | G78: =IFERROR(F78*H78,"-") -> 26 | H78: =SUMIFS(期初库存!G:G,期初库存!C:C,C78)+SUMIFS('采购录入（明细）'!I:I,'采购录入（明细）'!E:E,C78)-SUMIFS('领用录入（明细）'!I:I,'领用录入（明细）'!F:F,C78) -> 13 | I78: 5 | J78: =IF(I78>H78,"采购","否") -> 否
B79: 88 | C79: =IF('基础-办公用品信息'!C79="","-",'基础-办公用品信息'!C79) -> 自粘性标签（大） | D79: =IF('基础-办公用品信息'!D82="","-",'基础-办公用品信息'!D82) -> 包 | E79: =IF('基础-办公用品信息'!E79="","-",'基础-办公用品信息'!E79) -> - | F79: =IF('基础-办公用品信息'!F79="","-",'基础-办公用品信息'!F79) -> - | G79: =IFERROR(F79*H79,"-") -> - | H79: =SUMIFS(期初库存!G:G,期初库存!C:C,C79)+SUMIFS('采购录入（明细）'!I:I,'采购录入（明细）'!E:E,C79)-SUMIFS('领用录入（明细）'!I:I,'领用录入（明细）'!F:F,C79) -> 1 | I79: 1 | J79: =IF(I79>H79,"采购","否") -> 否
B80: 89 | C80: =IF('基础-办公用品信息'!C80="","-",'基础-办公用品信息'!C80) -> 便利贴四色76*19mm | D80: =IF('基础-办公用品信息'!D83="","-",'基础-办公用品信息'!D83) -> 本 | E80: =IF('基础-办公用品信息'!E80="","-",'基础-办公用品信息'!E80) -> - | F80: =IF('基础-办公用品信息'!F80="","-",'基础-办公用品信息'!F80) -> - | G80: =IFERROR(F80*H80,"-") -> - | H80: =SUMIFS(期初库存!G:G,期初库存!C:C,C80)+SUMIFS('采购录入（明细）'!I:I,'采购录入（明细）'!E:E,C80)-SUMIFS('领用录入（明细）'!I:I,'领用录入（明细）'!F:F,C80) -> 23 | I80: 1 | J80: =IF(I80>H80,"采购","否") -> 否
